Tag ID,Tag Time,Eject Time (s),Hold Time (s),Retract Time (s),Detected During Retract
37,2026-03-23 18:31:23,2.0,10.0,2.0,No
37,2026-03-23 18:38:58,2.0,10.0,2.0,No
37,2026-03-23 18:39:12,2.0,10.0,2.0,No
37,2026-03-23 18:39:29,2.0,10.0,2.0,No
37,2026-03-23 18:40:31,2.0,10.0,0.0,No
37,2026-03-23 18:40:43,0,0,0,Yes
37,2026-03-23 18:41:57,2.0,10.0,2.0,No
37,2026-03-23 18:42:28,2.0,10.0,2.0,No
37,2026-03-23 18:45:20,2.0,10.0,2.0,No
37,2026-03-23 18:45:35,2.0,10.0,2.0,No
37,2026-03-23 18:45:49,3.0,10.0,2.0,No
37,2026-03-23 18:46:43,2.0,10.0,2.0,No
37,2026-03-23 18:47:15,2.0,10.0,2.0,No
37,2026-03-23 18:48:17,2.0,10.0,2.0,No
37,2026-03-23 18:50:43,2.0,10.0,2.0,No
37,2026-03-23 18:51:21,2.0,10.0,0.0,No
37,2026-03-23 18:51:33,0,0,0,Yes
37,2026-03-23 18:51:40,2.0,10.0,2.0,No
37,2026-03-23 18:51:54,2.0,10.0,2.0,No
37,2026-03-23 18:53:22,2.0,10.0,2.0,No
37,2026-03-23 18:56:24,2.0,10.0,2.0,No
37,2026-03-23 18:57:00,2.0,10.0,2.0,No
37,2026-03-23 18:57:47,2.0,10.0,2.0,No
37,2026-03-23 19:04:26,2.0,10.0,2.0,No
37,2026-03-23 19:05:08,3.0,10.0,2.0,No
37,2026-03-23 19:07:37,3.0,10.0,2.0,No
37,2026-03-23 19:08:29,0,0,0,No
37,2026-03-23 19:08:52,0,0,0,No
37,2026-03-23 19:09:03,0,0,2.0,No
37,2026-03-23 19:09:25,2.0,10.0,2.0,No
37,2026-03-23 19:09:50,2.0,10.0,2.0,No
37,2026-03-23 19:35:26,2.0,10.0,2.0,No
37,2026-03-23 19:36:14,2.0,10.0,2.0,No
37,2026-03-23 19:36:28,3.0,10.0,1.0,No
37,2026-03-23 19:36:50,2.0,10.0,2.0,No
37,2026-03-23 19:37:34,2.0,10.0,2.0,No
37,2026-03-23 19:37:49,2.0,10.0,2.0,No
37,2026-03-23 19:38:12,3.0,10.0,2.0,No
37,2026-03-23 19:38:33,2.0,10.0,2.0,No
37,2026-03-23 19:38:49,2.0,10.0,2.0,No
37,2026-03-23 19:39:03,2.0,10.0,2.0,No
37,2026-03-23 19:39:24,2.0,10.0,2.0,No
37,2026-03-23 19:40:10,2.0,10.0,2.0,No
37,2026-03-23 19:58:29,3.0,10.0,2.0,No
37,2026-03-23 20:04:38,2.0,10.0,2.0,No
37,2026-03-23 20:04:59,2.0,10.0,2.0,No
37,2026-03-23 20:22:56,2.0,10.0,2.0,No
37,2026-03-23 20:24:36,2.0,10.0,2.0,No
37,2026-03-23 20:24:53,3.0,10.0,2.0,No
37,2026-03-23 20:25:17,2.0,10.0,2.0,No
37,2026-03-23 22:20:43,2.0,10.0,1.0,No
37,2026-03-23 22:20:56,0,0,0,Yes
37,2026-03-23 22:21:02,2.0,10.0,2.0,No
37,2026-03-23 22:21:42,2.0,10.0,2.0,No
37,2026-03-23 22:22:34,2.0,10.0,2.0,No
37,2026-03-23 22:23:23,2.0,10.0,2.0,No
37,2026-03-23 22:23:48,2.0,10.0,2.0,No
37,2026-03-23 22:29:16,2.0,10.0,2.0,No
37,2026-03-24 11:44:52,2.0,10.0,2.0,No
37,2026-03-24 11:54:29,2.0,10.0,1.0,No
37,2026-03-24 11:54:42,0,0,0,Yes
37,2026-03-24 11:54:43,3.0,10.0,1.0,No
37,2026-03-24 11:54:57,0,0,0,Yes
37,2026-03-24 11:55:35,2.0,10.0,2.0,No
37,2026-03-24 11:56:04,3.0,10.0,2.0,No
37,2026-03-24 11:56:46,2.0,10.0,2.0,No
37,2026-03-24 11:57:07,2.0,10.0,1.0,No
37,2026-03-24 11:57:20,0,0,0,Yes
37,2026-03-24 11:58:55,2.0,10.0,2.0,No
37,2026-03-24 11:59:16,2.0,10.0,1.0,No
37,2026-03-24 11:59:29,0,0,0,Yes
37,2026-03-24 11:59:51,2.0,10.0,2.0,No
37,2026-03-24 12:00:34,2.0,10.0,2.0,No
37,2026-03-24 12:00:55,2.0,10.0,2.0,No
37,2026-03-24 12:01:32,2.0,11.0,2.0,No
37,2026-03-24 12:01:52,3.0,10.0,2.0,No
37,2026-03-24 13:04:06,2.0,10.0,0.0,No
37,2026-03-24 13:04:18,0,0,0,Yes
37,2026-03-24 13:04:35,2.0,10.0,2.0,No
37,2026-03-24 13:04:56,2.0,10.0,2.0,No
37,2026-03-24 13:09:10,2.0,10.0,2.0,No
37,2026-03-24 13:09:39,3.0,10.0,2.0,No
37,2026-03-24 13:10:58,2.0,10.0,2.0,No
37,2026-03-24 13:13:03,2.0,10.0,2.0,No
37,2026-03-24 13:17:00,3.0,10.0,2.0,No
37,2026-03-24 13:17:30,2.0,10.0,2.0,No
37,2026-03-24 13:21:23,2.0,10.0,2.0,No
37,2026-03-24 13:21:49,2.0,10.0,2.0,No
37,2026-03-24 14:38:52,2.0,10.0,2.0,No
37,2026-03-24 14:42:29,2.0,10.0,2.0,No
37,2026-03-24 14:43:05,2.0,10.0,2.0,No
37,2026-03-24 14:43:43,2.0,10.0,2.0,No
37,2026-03-24 14:44:18,2.0,10.0,2.0,No
37,2026-03-24 14:48:56,2.0,10.0,2.0,No
37,2026-03-24 14:49:38,2.0,10.0,2.0,No
37,2026-03-24 14:50:02,2.0,10.0,2.0,No
37,2026-03-24 14:52:35,2.0,10.0,2.0,No
37,2026-03-24 14:52:53,2.0,10.0,2.0,No
37,2026-03-24 14:54:17,2.0,10.0,2.0,No
37,2026-03-24 14:54:57,2.0,10.0,2.0,No
37,2026-03-24 14:59:01,3.0,10.0,2.0,No
37,2026-03-24 15:00:40,2.0,10.0,2.0,No
37,2026-03-24 15:01:00,2.0,10.0,2.0,No
37,2026-03-24 15:01:23,2.0,10.0,2.0,No
37,2026-03-24 15:02:53,2.0,10.0,2.0,No
37,2026-03-24 15:04:03,2.0,10.0,1.0,No
37,2026-03-24 15:04:16,0,0,0,Yes
37,2026-03-24 15:04:20,2.0,10.0,2.0,No
37,2026-03-24 15:05:32,2.0,10.0,2.0,No
37,2026-03-24 15:06:10,2.0,10.0,2.0,No
37,2026-03-24 15:06:33,2.0,10.0,2.0,No
37,2026-03-24 15:07:04,2.0,10.0,2.0,No
37,2026-03-24 15:08:28,2.0,10.0,2.0,No
37,2026-03-24 15:08:46,2.0,10.0,2.0,No
37,2026-03-24 15:13:57,2.0,10.0,2.0,No
37,2026-03-24 15:14:48,2.0,10.0,2.0,No
37,2026-03-24 15:24:45,3.0,10.0,2.0,No
37,2026-03-24 15:26:18,2.0,10.0,2.0,No
37,2026-03-24 15:29:01,2.0,10.0,2.0,No
37,2026-03-24 15:30:03,2.0,11.0,2.0,No
37,2026-03-24 15:31:34,2.0,10.0,2.0,No
37,2026-03-24 15:31:54,2.0,10.0,2.0,No
37,2026-03-24 15:32:31,2.0,10.0,2.0,No
37,2026-03-24 15:32:47,2.0,10.0,2.0,No
37,2026-03-24 15:33:14,2.0,10.0,2.0,No
37,2026-03-24 15:35:23,2.0,10.0,2.0,No
37,2026-03-24 15:36:13,2.0,10.0,2.0,No
37,2026-03-24 15:37:07,2.0,10.0,2.0,No
37,2026-03-24 15:37:40,2.0,10.0,2.0,No
37,2026-03-24 15:38:18,2.0,10.0,2.0,No
37,2026-03-24 15:38:37,2.0,10.0,2.0,No
37,2026-03-24 15:50:31,2.0,10.0,2.0,No
37,2026-03-24 15:51:49,2.0,10.0,2.0,No
37,2026-03-24 15:53:06,3.0,10.0,2.0,No
37,2026-03-24 15:55:31,2.0,10.0,2.0,No
37,2026-03-24 16:04:00,2.0,10.0,2.0,No
37,2026-03-24 16:05:29,2.0,10.0,0.0,No
37,2026-03-24 16:05:41,0,0,0,Yes
37,2026-03-24 16:05:44,2.0,10.0,2.0,No
37,2026-03-24 16:10:42,2.0,10.0,2.0,No
37,2026-03-24 16:36:39,2.0,10.0,2.0,No
37,2026-03-24 16:37:04,2.0,10.0,2.0,No
37,2026-03-24 16:37:26,2.0,10.0,2.0,No
37,2026-03-24 16:37:57,2.0,10.0,2.0,No
37,2026-03-24 16:38:49,2.0,10.0,2.0,No
37,2026-03-24 16:39:13,2.0,10.0,2.0,No
37,2026-03-24 16:40:34,2.0,10.0,2.0,No
37,2026-03-24 16:40:54,2.0,10.0,1.0,No
37,2026-03-24 16:41:07,0,0,0,Yes
37,2026-03-24 16:41:09,2.0,10.0,2.0,No
37,2026-03-24 16:41:24,2.0,10.0,2.0,No
37,2026-03-24 16:41:47,2.0,10.0,2.0,No
37,2026-03-24 16:42:51,2.0,10.0,2.0,No
37,2026-03-24 16:44:36,2.0,10.0,2.0,No
37,2026-03-24 16:45:54,2.0,10.0,2.0,No
37,2026-03-24 16:46:18,3.0,10.0,1.0,No
37,2026-03-24 16:46:32,0,0,0,Yes
37,2026-03-24 16:46:41,2.0,10.0,1.0,No
37,2026-03-24 16:46:54,0,0,0,Yes
37,2026-03-24 16:46:58,2.0,10.0,2.0,No
37,2026-03-24 16:47:12,0,0,0,Yes
37,2026-03-24 17:21:25,2.0,10.0,3.0,No
37,2026-03-24 17:23:15,2.0,10.0,2.0,No
37,2026-03-24 17:23:40,2.0,10.0,2.0,No
37,2026-03-24 17:24:52,2.0,10.0,2.0,No
37,2026-03-24 17:25:11,2.0,10.0,2.0,No
37,2026-03-24 17:25:27,2.0,10.0,2.0,No
37,2026-03-24 17:25:41,0,0,0,Yes
37,2026-03-24 17:25:59,3.0,10.0,2.0,No
37,2026-03-24 17:26:14,2.0,10.0,2.0,No
37,2026-03-24 17:26:53,3.0,10.0,2.0,No
37,2026-03-24 17:27:26,2.0,10.0,2.0,No
37,2026-03-24 17:27:40,0,0,0,Yes
37,2026-03-24 17:27:43,2.0,10.0,2.0,No
37,2026-03-24 17:28:14,2.0,10.0,2.0,No
37,2026-03-24 17:29:10,2.0,10.0,3.0,No
37,2026-03-24 17:29:53,2.0,10.0,2.0,No
37,2026-03-24 17:31:17,2.0,10.0,2.0,No
37,2026-03-24 17:31:49,2.0,11.0,2.0,No
37,2026-03-24 17:32:13,3.0,10.0,0.0,No
37,2026-03-24 17:32:26,0,0,0,Yes
37,2026-03-24 17:32:45,2.0,10.0,2.0,No
37,2026-03-24 17:33:36,3.0,10.0,2.0,No
37,2026-03-24 17:34:28,2.0,10.0,2.0,No
37,2026-03-24 17:36:32,2.0,10.0,2.0,No
37,2026-03-24 17:39:00,3.0,10.0,2.0,No
37,2026-03-24 17:39:18,3.0,10.0,2.0,No
37,2026-03-24 17:39:41,2.0,10.0,2.0,No
37,2026-03-24 17:40:42,2.0,10.0,0.0,No
37,2026-03-24 17:40:54,0,0,0,Yes
37,2026-03-24 17:41:41,2.0,10.0,2.0,No
37,2026-03-24 17:43:29,2.0,10.0,1.0,No
37,2026-03-24 17:43:42,0,0,0,Yes
37,2026-03-24 17:43:46,3.0,10.0,2.0,No
37,2026-03-24 17:44:38,2.0,10.0,2.0,No
37,2026-03-24 17:46:14,2.0,10.0,1.0,No
37,2026-03-24 17:46:27,0,0,0,Yes
37,2026-03-24 17:46:42,3.0,10.0,1.0,No
37,2026-03-24 17:46:56,0,0,0,Yes
37,2026-03-24 17:47:27,2.0,10.0,2.0,No
37,2026-03-24 17:48:01,2.0,10.0,2.0,No
37,2026-03-24 17:48:18,3.0,10.0,2.0,No
37,2026-03-24 17:48:33,2.0,10.0,2.0,No
37,2026-03-24 17:48:57,3.0,10.0,2.0,No
37,2026-03-24 17:49:26,2.0,10.0,2.0,No
37,2026-03-24 17:49:45,2.0,10.0,2.0,No
37,2026-03-24 17:50:01,2.0,10.0,2.0,No
37,2026-03-24 17:50:24,2.0,10.0,2.0,No
37,2026-03-24 17:50:38,2.0,10.0,2.0,No
37,2026-03-24 17:50:57,2.0,10.0,3.0,No
37,2026-03-24 17:51:17,2.0,10.0,2.0,No
37,2026-03-24 17:51:37,2.0,10.0,1.0,No
37,2026-03-24 17:51:50,0,0,0,Yes
37,2026-03-24 17:52:16,3.0,10.0,2.0,No
37,2026-03-24 17:52:41,2.0,10.0,2.0,No
37,2026-03-24 17:52:55,0,0,0,Yes
37,2026-03-24 17:52:58,2.0,10.0,2.0,No
37,2026-03-24 17:53:19,2.0,10.0,2.0,No
37,2026-03-24 17:53:33,0,0,0,Yes
37,2026-03-24 17:53:35,2.0,10.0,2.0,No
37,2026-03-24 17:54:29,2.0,10.0,2.0,No
37,2026-03-24 17:54:44,2.0,10.0,2.0,No
37,2026-03-24 17:55:06,2.0,10.0,2.0,No
37,2026-03-24 17:55:20,0,0,0,Yes
37,2026-03-24 17:55:32,2.0,10.0,2.0,No
37,2026-03-24 17:55:50,2.0,10.0,2.0,No
37,2026-03-24 17:56:16,2.0,10.0,3.0,No
37,2026-03-24 17:56:32,2.0,10.0,2.0,No
37,2026-03-24 17:57:13,3.0,10.0,1.0,No
37,2026-03-24 17:57:27,0,0,0,Yes
37,2026-03-24 17:57:30,2.0,10.0,2.0,No
37,2026-03-24 17:57:54,2.0,10.0,2.0,No
37,2026-03-24 17:58:14,3.0,10.0,0.0,No
37,2026-03-24 17:58:27,0,0,0,Yes
37,2026-03-24 17:58:37,3.0,10.0,2.0,No
37,2026-03-24 17:58:55,2.0,10.0,2.0,No
37,2026-03-24 17:59:10,2.0,10.0,3.0,No
37,2026-03-24 17:59:34,2.0,10.0,3.0,No
37,2026-03-24 17:59:52,2.0,10.0,2.0,No
37,2026-03-24 18:00:06,0,0,0,Yes
37,2026-03-24 18:00:08,2.0,10.0,2.0,No
37,2026-03-24 18:00:47,3.0,10.0,2.0,No
37,2026-03-24 18:01:14,2.0,10.0,2.0,No
37,2026-03-24 18:01:28,0,0,0,Yes
37,2026-03-24 18:01:29,2.0,10.0,2.0,No
37,2026-03-24 18:01:49,2.0,10.0,2.0,No
37,2026-03-24 18:02:09,2.0,10.0,3.0,No
37,2026-03-24 18:02:36,2.0,10.0,3.0,No
37,2026-03-24 18:02:57,2.0,10.0,2.0,No
37,2026-03-24 18:03:33,2.0,10.0,2.0,No
37,2026-03-24 18:04:28,2.0,10.0,1.0,No
37,2026-03-24 18:04:41,0,0,0,Yes
37,2026-03-24 18:04:44,2.0,10.0,3.0,No
37,2026-03-24 18:05:10,3.0,10.0,2.0,No
37,2026-03-24 18:05:28,2.0,10.0,3.0,No
37,2026-03-24 18:05:44,2.0,10.0,2.0,No
37,2026-03-24 18:06:01,3.0,10.0,2.0,No
37,2026-03-24 18:06:21,2.0,10.0,3.0,No
37,2026-03-24 18:06:59,2.0,10.0,2.0,No
37,2026-03-24 18:07:19,3.0,10.0,2.0,No
37,2026-03-24 18:07:52,3.0,10.0,2.0,No
37,2026-03-24 18:08:08,2.0,10.0,2.0,No
37,2026-03-24 18:08:30,2.0,10.0,3.0,No
37,2026-03-24 18:09:00,3.0,10.0,2.0,No
37,2026-03-24 18:09:23,2.0,10.0,2.0,No
37,2026-03-24 18:10:03,2.0,10.0,2.0,No
37,2026-03-24 18:10:25,2.0,10.0,3.0,No
37,2026-03-24 18:10:56,3.0,10.0,2.0,No
37,2026-03-24 18:11:50,3.0,10.0,2.0,No
37,2026-03-24 18:13:00,3.0,10.0,2.0,No
37,2026-03-24 18:13:21,3.0,10.0,2.0,No
37,2026-03-24 18:13:37,2.0,10.0,2.0,No
37,2026-03-24 18:14:47,3.0,10.0,2.0,No
37,2026-03-24 18:15:31,3.0,10.0,2.0,No
37,2026-03-24 18:23:38,2.0,10.0,2.0,No
37,2026-03-24 18:24:08,2.0,10.0,2.0,No
37,2026-03-24 18:24:36,3.0,10.0,2.0,No
37,2026-03-24 18:25:06,3.0,10.0,2.0,No
37,2026-03-24 18:25:56,2.0,10.0,2.0,No
37,2026-03-24 18:26:10,0,0,0,Yes
37,2026-03-24 18:26:13,2.0,10.0,2.0,No
37,2026-03-24 18:26:44,2.0,10.0,2.0,No
37,2026-03-24 18:27:52,2.0,10.0,2.0,No
37,2026-03-24 18:28:20,2.0,10.0,2.0,No
37,2026-03-24 18:33:59,2.0,10.0,2.0,No
37,2026-03-24 18:35:23,3.0,10.0,2.0,No
37,2026-03-24 18:36:38,2.0,10.0,2.0,No
37,2026-03-24 18:49:06,2.0,10.0,2.0,No
37,2026-03-24 18:49:50,2.0,10.0,2.0,No
37,2026-03-24 19:02:29,2.0,10.0,2.0,No
37,2026-03-24 20:25:54,2.0,10.0,2.0,No
37,2026-03-24 20:37:48,2.0,10.0,2.0,No
37,2026-03-24 20:39:13,2.0,10.0,2.0,No
37,2026-03-24 20:41:22,3.0,10.0,2.0,No
37,2026-03-24 20:41:43,1.0,10.0,1.0,No
37,2026-03-24 20:43:36,2.0,10.0,0.0,No
37,2026-03-24 20:43:55,1.0,10.0,0.0,No
37,2026-03-24 20:45:01,2.0,10.0,0.0,No
37,2026-03-24 20:45:29,2.0,10.0,1.0,No
37,2026-03-24 20:46:10,2.0,10.0,1.0,No
37,2026-03-24 20:46:35,2.0,10.0,1.0,No
37,2026-03-24 21:13:14,2.0,10.0,2.0,No
37,2026-03-24 22:13:31,2.0,10.0,2.0,No
37,2026-03-24 22:13:46,3.0,10.0,2.0,No
37,2026-03-24 22:14:14,3.0,10.0,2.0,No
37,2026-03-24 22:14:30,2.0,10.0,3.0,No
37,2026-03-24 22:16:19,3.0,10.0,2.0,No
37,2026-03-24 22:17:09,2.0,10.0,3.0,No
37,2026-03-24 22:17:24,2.0,10.0,2.0,No
37,2026-03-24 22:22:23,2.0,10.0,2.0,No
37,2026-03-24 22:22:48,2.0,10.0,2.0,No
37,2026-03-24 22:25:15,2.0,10.0,2.0,No
37,2026-03-24 22:28:34,3.0,10.0,2.0,No
37,2026-03-24 22:32:04,2.0,10.0,2.0,No
37,2026-03-24 22:32:19,2.0,10.0,3.0,No
37,2026-03-24 22:32:38,3.0,9.0,3.0,No
37,2026-03-24 22:35:28,2.0,10.0,2.0,No
37,2026-03-25 06:50:05,2.0,10.0,3.0,No
37,2026-03-25 06:50:29,3.0,10.0,2.0,No
37,2026-03-25 06:50:44,0,0,0,Yes
37,2026-03-25 06:50:46,2.0,10.0,2.0,No
37,2026-03-25 06:52:09,2.0,10.0,2.0,No
37,2026-03-25 06:52:28,2.0,10.0,2.0,No
37,2026-03-25 06:52:42,0,0,0,Yes
37,2026-03-25 06:52:44,2.0,10.0,3.0,No
37,2026-03-25 06:53:58,2.0,10.0,2.0,No
37,2026-03-25 07:27:06,2.0,10.0,2.0,No
37,2026-03-25 07:27:26,2.0,10.0,2.0,No
37,2026-03-25 07:27:40,0,0,0,Yes
37,2026-03-25 07:28:13,3.0,10.0,2.0,No
37,2026-03-25 07:29:45,3.0,10.0,2.0,No
37,2026-03-25 07:30:23,2.0,10.0,2.0,No
37,2026-03-25 07:37:33,2.0,10.0,3.0,No
37,2026-03-25 07:49:36,3.0,10.0,2.0,No
37,2026-03-25 07:50:36,2.0,10.0,3.0,No
37,2026-03-25 07:51:12,3.0,10.0,2.0,No
37,2026-03-25 07:58:04,2.0,10.0,3.0,No
37,2026-03-25 08:10:45,2.0,10.0,3.0,No
37,2026-03-25 08:11:01,2.0,10.0,2.0,No
37,2026-03-25 08:11:52,3.0,10.0,2.0,No
37,2026-03-25 08:12:25,3.0,10.0,2.0,No
37,2026-03-25 08:12:44,2.0,10.0,3.0,No
37,2026-03-25 08:13:23,2.0,10.0,1.0,No
37,2026-03-25 08:13:36,0,0,0,Yes
37,2026-03-25 08:13:39,2.0,11.0,0.0,No
37,2026-03-25 08:13:52,0,0,0,Yes
37,2026-03-25 08:13:55,2.0,10.0,2.0,No
37,2026-03-25 08:14:24,2.0,10.0,2.0,No
37,2026-03-25 08:14:41,2.0,10.0,3.0,No
37,2026-03-25 08:15:16,3.0,10.0,2.0,No
37,2026-03-25 09:17:24,2.0,10.0,3.0,No
37,2026-03-25 09:17:48,2.0,10.0,3.0,No
37,2026-03-25 10:02:37,3.0,10.0,2.0,No
37,2026-03-25 10:04:33,2.0,10.0,3.0,No
37,2026-03-25 10:05:33,3.0,10.0,2.0,No
37,2026-03-25 10:05:53,2.0,10.0,2.0,No
37,2026-03-25 10:18:26,2.0,10.0,3.0,No
37,2026-03-25 10:19:18,2.0,10.0,2.0,No
37,2026-03-25 10:24:22,2.0,10.0,3.0,No
37,2026-03-25 10:31:17,3.0,10.0,2.0,No
37,2026-03-25 10:47:43,3.0,10.0,2.0,No
37,2026-03-25 10:49:15,2.0,10.0,3.0,No
37,2026-03-25 10:50:44,3.0,10.0,2.0,No
37,2026-03-25 10:53:36,3.0,10.0,2.0,No
37,2026-03-25 10:55:26,2.0,10.0,3.0,No
37,2026-03-25 11:17:46,3.0,10.0,2.0,No
37,2026-03-25 11:18:22,2.0,10.0,2.0,No
37,2026-03-25 11:19:21,2.0,10.0,1.0,No
37,2026-03-25 11:19:34,0,0,0,Yes
37,2026-03-25 11:19:51,3.0,10.0,2.0,No
37,2026-03-25 11:20:06,0,0,0,Yes
37,2026-03-25 11:20:09,2.0,10.0,2.0,No
37,2026-03-25 11:20:36,2.0,10.0,3.0,No
37,2026-03-25 11:21:11,2.0,10.0,3.0,No
37,2026-03-25 11:21:37,3.0,10.0,2.0,No
37,2026-03-25 11:22:02,2.0,10.0,2.0,No
37,2026-03-25 11:23:05,3.0,10.0,2.0,No
37,2026-03-25 11:24:18,3.0,10.0,0.0,No
37,2026-03-25 11:24:31,0,0,0,Yes
37,2026-03-25 11:24:34,2.0,10.0,2.0,No
37,2026-03-25 11:24:57,2.0,10.0,1.0,No
37,2026-03-25 11:25:10,0,0,0,Yes
37,2026-03-25 11:25:39,2.0,10.0,3.0,No
37,2026-03-25 11:26:12,3.0,10.0,2.0,No
37,2026-03-25 11:28:39,2.0,10.0,3.0,No
37,2026-03-25 12:05:45,3.0,10.0,2.0,No
37,2026-03-25 12:21:08,2.0,10.0,2.0,No
37,2026-03-25 12:21:26,2.0,10.0,1.0,No
37,2026-03-25 12:21:39,0,0,0,Yes
37,2026-03-25 12:22:03,2.0,10.0,3.0,No
37,2026-03-25 12:22:19,2.0,10.0,3.0,No
37,2026-03-25 12:22:39,2.0,10.0,3.0,No
37,2026-03-25 12:23:00,2.0,10.0,2.0,No
37,2026-03-25 12:23:17,2.0,10.0,3.0,No
37,2026-03-25 12:24:03,2.0,10.0,3.0,No
37,2026-03-25 12:27:08,2.0,10.0,2.0,No
37,2026-03-25 12:28:03,3.0,10.0,2.0,No
37,2026-03-25 12:31:43,3.0,10.0,2.0,No
37,2026-03-25 12:35:36,2.0,10.0,2.0,No
37,2026-03-25 12:36:23,3.0,10.0,2.0,No
37,2026-03-25 12:38:26,3.0,10.0,2.0,No
37,2026-03-25 12:53:32,3.0,10.0,2.0,No
37,2026-03-25 12:53:48,2.0,10.0,3.0,No
37,2026-03-25 13:00:54,2.0,10.0,3.0,No
37,2026-03-25 13:01:11,3.0,10.0,2.0,No
37,2026-03-25 13:01:50,3.0,10.0,2.0,No
37,2026-03-25 13:02:07,2.0,10.0,3.0,No
37,2026-03-25 13:03:17,3.0,10.0,2.0,No
37,2026-03-25 13:04:46,3.0,10.0,2.0,No
37,2026-03-25 13:06:02,3.0,10.0,2.0,No
37,2026-03-25 13:06:52,2.0,10.0,2.0,No
37,2026-03-25 13:10:38,2.0,10.0,2.0,No
37,2026-03-25 13:13:19,2.0,10.0,3.0,No
37,2026-03-25 13:13:44,2.0,10.0,3.0,No
37,2026-03-25 13:14:30,2.0,11.0,2.0,No
37,2026-03-25 13:16:29,2.0,10.0,3.0,No
37,2026-03-25 13:17:48,2.0,10.0,3.0,No
37,2026-03-25 13:20:12,2.0,10.0,3.0,No
37,2026-03-25 13:23:46,2.0,10.0,3.0,No
37,2026-03-25 13:24:22,2.0,10.0,2.0,No
37,2026-03-25 13:25:29,3.0,10.0,2.0,No
37,2026-03-25 13:25:53,3.0,10.0,2.0,No
37,2026-03-25 13:26:55,2.0,10.0,3.0,No
37,2026-03-25 13:28:14,3.0,10.0,2.0,No
37,2026-03-25 13:28:29,0,0,0,Yes
37,2026-03-25 13:28:30,2.0,10.0,2.0,No
37,2026-03-25 13:28:47,2.0,10.0,2.0,No
37,2026-03-25 13:29:20,3.0,10.0,2.0,No
37,2026-03-25 13:29:43,3.0,10.0,2.0,No
37,2026-03-25 13:29:59,3.0,10.0,2.0,No
37,2026-03-25 13:30:35,3.0,10.0,2.0,No
37,2026-03-25 13:32:21,2.0,10.0,3.0,No
37,2026-03-25 13:35:32,3.0,10.0,2.0,No
37,2026-03-25 13:36:04,3.0,10.0,2.0,No
37,2026-03-25 13:36:22,3.0,10.0,2.0,No
37,2026-03-25 13:37:06,2.0,10.0,3.0,No
37,2026-03-25 13:39:31,2.0,10.0,3.0,No
37,2026-03-25 13:39:47,3.0,10.0,2.0,No
37,2026-03-25 13:40:29,3.0,10.0,2.0,No
37,2026-03-25 13:41:16,2.0,10.0,3.0,No
37,2026-03-25 13:41:57,3.0,10.0,2.0,No
37,2026-03-25 13:42:26,2.0,10.0,2.0,No
37,2026-03-25 13:42:53,2.0,10.0,2.0,No
37,2026-03-25 13:43:41,2.0,10.0,3.0,No
37,2026-03-25 13:44:05,3.0,10.0,0.0,No
37,2026-03-25 13:44:18,0,0,0,Yes
37,2026-03-25 13:44:57,3.0,10.0,2.0,No
37,2026-03-25 13:46:24,2.0,10.0,2.0,No
37,2026-03-25 13:48:04,3.0,10.0,2.0,No
37,2026-03-25 13:48:57,3.0,10.0,2.0,No
37,2026-03-25 13:49:12,0,0,0,Yes
37,2026-03-25 13:49:50,3.0,10.0,2.0,No
37,2026-03-25 13:50:37,2.0,10.0,3.0,No
37,2026-03-25 13:51:01,3.0,10.0,2.0,No
37,2026-03-25 14:00:12,2.0,11.0,2.0,No
37,2026-03-25 14:05:12,3.0,10.0,2.0,No
37,2026-03-25 14:05:45,2.0,10.0,3.0,No
37,2026-03-25 14:09:40,3.0,10.0,2.0,No
37,2026-03-25 14:10:37,3.0,10.0,2.0,No
37,2026-03-25 14:11:04,3.0,10.0,2.0,No
37,2026-03-25 14:11:35,2.0,10.0,3.0,No
37,2026-03-25 14:11:50,2.0,10.0,3.0,No
37,2026-03-25 14:12:14,3.0,10.0,2.0,No
37,2026-03-25 14:12:52,3.0,10.0,2.0,No
37,2026-03-25 14:13:23,3.0,10.0,2.0,No
37,2026-03-25 14:13:42,2.0,10.0,3.0,No
37,2026-03-25 14:14:02,2.0,10.0,1.0,No
37,2026-03-25 14:14:15,0,0,0,Yes
37,2026-03-25 14:14:32,3.0,10.0,2.0,No
37,2026-03-25 14:14:54,2.0,10.0,3.0,No
37,2026-03-25 14:15:13,3.0,10.0,2.0,No
37,2026-03-25 14:15:40,3.0,10.0,2.0,No
37,2026-03-25 14:16:03,2.0,10.0,3.0,No
37,2026-03-25 14:19:15,3.0,10.0,2.0,No
37,2026-03-25 14:20:01,2.0,10.0,2.0,No
37,2026-03-25 14:20:31,2.0,10.0,3.0,No
37,2026-03-25 14:22:51,2.0,10.0,3.0,No
37,2026-03-25 14:28:25,3.0,10.0,2.0,No
37,2026-03-25 14:32:03,2.0,10.0,3.0,No
37,2026-03-25 14:36:06,3.0,10.0,2.0,No
37,2026-03-25 14:39:43,2.0,10.0,3.0,No
37,2026-03-25 14:41:30,2.0,10.0,3.0,No
37,2026-03-25 14:43:14,3.0,10.0,2.0,No
37,2026-03-25 14:43:39,2.0,10.0,3.0,No
37,2026-03-25 14:45:42,3.0,10.0,2.0,No
37,2026-03-25 14:48:33,3.0,10.0,2.0,No
37,2026-03-25 14:49:19,2.0,10.0,3.0,No
37,2026-03-25 14:51:30,3.0,10.0,2.0,No
37,2026-03-25 14:51:55,2.0,10.0,3.0,No
37,2026-03-25 14:54:27,2.0,10.0,3.0,No
37,2026-03-25 14:54:59,3.0,10.0,2.0,No
37,2026-03-25 14:56:05,2.0,10.0,3.0,No
37,2026-03-25 14:56:46,2.0,10.0,2.0,No
37,2026-03-25 14:57:24,3.0,10.0,2.0,No
37,2026-03-25 14:57:50,3.0,10.0,2.0,No
37,2026-03-25 14:58:06,2.0,10.0,3.0,No
37,2026-03-25 14:58:25,3.0,10.0,2.0,No
37,2026-03-25 15:00:35,2.0,10.0,2.0,No
37,2026-03-25 15:01:11,3.0,10.0,2.0,No
37,2026-03-25 15:01:28,3.0,10.0,2.0,No
37,2026-03-25 15:02:20,3.0,10.0,2.0,No
37,2026-03-25 15:02:53,2.0,10.0,2.0,No
37,2026-03-25 15:03:15,2.0,10.0,3.0,No
37,2026-03-25 15:04:05,3.0,10.0,2.0,No
37,2026-03-25 15:05:13,2.0,10.0,3.0,No
37,2026-03-25 15:05:43,2.0,10.0,3.0,No
37,2026-03-25 15:07:40,3.0,10.0,2.0,No
37,2026-03-25 15:16:00,2.0,10.0,2.0,No
37,2026-03-25 15:17:01,2.0,10.0,2.0,No
37,2026-03-25 15:18:03,3.0,10.0,2.0,No
37,2026-03-25 15:18:43,2.0,10.0,3.0,No
37,2026-03-25 15:22:13,3.0,10.0,2.0,No
37,2026-03-25 15:23:35,2.0,10.0,3.0,No
37,2026-03-25 15:24:34,3.0,10.0,2.0,No
37,2026-03-25 15:24:51,3.0,10.0,2.0,No
37,2026-03-25 15:25:52,2.0,10.0,3.0,No
37,2026-03-25 15:28:45,2.0,10.0,2.0,No
37,2026-03-25 15:29:16,3.0,10.0,2.0,No
37,2026-03-25 15:29:33,3.0,10.0,2.0,No
37,2026-03-25 15:35:03,3.0,10.0,2.0,No
37,2026-03-25 15:36:43,3.0,10.0,2.0,No
37,2026-03-25 15:38:11,3.0,10.0,2.0,No
37,2026-03-25 15:38:29,3.0,10.0,2.0,No
37,2026-03-25 15:38:45,2.0,10.0,3.0,No
37,2026-03-25 15:39:26,3.0,10.0,2.0,No
37,2026-03-25 15:43:23,3.0,10.0,1.0,No
37,2026-03-25 15:43:37,0,0,0,Yes
37,2026-03-25 15:43:43,2.0,10.0,2.0,No
37,2026-03-25 15:44:03,2.0,10.0,3.0,No
37,2026-03-25 15:44:58,2.0,10.0,3.0,No
37,2026-03-25 15:45:56,3.0,10.0,2.0,No
37,2026-03-25 15:46:16,2.0,10.0,2.0,No
37,2026-03-25 15:47:41,3.0,10.0,2.0,No
37,2026-03-25 15:49:00,3.0,10.0,2.0,No
37,2026-03-25 15:50:20,2.0,10.0,3.0,No
37,2026-03-25 15:51:58,2.0,10.0,2.0,No
37,2026-03-25 15:52:54,3.0,10.0,2.0,No
37,2026-03-25 15:53:33,3.0,10.0,2.0,No
37,2026-03-25 15:53:51,2.0,10.0,3.0,No
37,2026-03-25 15:54:07,2.0,10.0,2.0,No
37,2026-03-25 15:55:18,3.0,10.0,2.0,No
37,2026-03-25 15:55:51,3.0,10.0,2.0,No
37,2026-03-25 15:56:37,2.0,10.0,3.0,No
37,2026-03-25 15:58:05,2.0,10.0,3.0,No
37,2026-03-25 15:59:45,2.0,10.0,3.0,No
37,2026-03-25 16:01:27,2.0,10.0,2.0,No
37,2026-03-25 16:01:47,3.0,10.0,2.0,No
37,2026-03-25 16:03:59,2.0,10.0,3.0,No
37,2026-03-25 16:06:07,2.0,10.0,3.0,No
37,2026-03-25 16:06:25,2.0,10.0,2.0,No
37,2026-03-25 16:07:37,2.0,10.0,3.0,No
37,2026-03-25 16:09:37,2.0,11.0,2.0,No
37,2026-03-25 16:13:46,2.0,10.0,2.0,No
37,2026-03-25 16:14:09,2.0,10.0,2.0,No
37,2026-03-25 16:16:27,2.0,10.0,3.0,No
37,2026-03-25 16:16:49,3.0,10.0,2.0,No
37,2026-03-25 16:17:15,2.0,10.0,2.0,No
37,2026-03-25 16:18:09,3.0,10.0,2.0,No
37,2026-03-25 16:18:31,3.0,10.0,2.0,No
37,2026-03-25 16:19:20,3.0,10.0,2.0,No
37,2026-03-25 16:21:18,2.0,10.0,2.0,No
37,2026-03-25 16:24:14,2.0,10.0,2.0,No
37,2026-03-25 16:25:38,3.0,10.0,2.0,No
37,2026-03-25 16:28:49,2.0,10.0,2.0,No
37,2026-03-25 16:29:03,0,0,0,Yes
37,2026-03-25 16:29:04,2.0,10.0,2.0,No
37,2026-03-25 16:29:22,3.0,10.0,1.0,No
37,2026-03-25 16:29:36,0,0,0,Yes
37,2026-03-25 16:29:38,2.0,10.0,0.0,No
37,2026-03-25 16:29:50,0,0,0,Yes
37,2026-03-25 16:29:58,2.0,10.0,2.0,No
37,2026-03-25 16:30:26,2.0,10.0,2.0,No
37,2026-03-25 16:30:55,3.0,10.0,2.0,No
37,2026-03-25 16:32:48,2.0,10.0,2.0,No
37,2026-03-25 16:33:07,2.0,10.0,3.0,No
37,2026-03-25 16:34:16,3.0,10.0,2.0,No
37,2026-03-25 16:35:14,3.0,10.0,2.0,No
37,2026-03-25 16:35:44,3.0,10.0,2.0,No
37,2026-03-25 16:36:07,3.0,10.0,2.0,No
37,2026-03-25 16:36:25,2.0,10.0,1.0,No
37,2026-03-25 16:36:38,0,0,0,Yes
37,2026-03-25 16:36:46,2.0,10.0,3.0,No
37,2026-03-25 16:37:06,3.0,10.0,1.0,No
37,2026-03-25 16:37:20,0,0,0,Yes
37,2026-03-25 16:37:27,2.0,10.0,2.0,No
37,2026-03-25 16:39:59,2.0,10.0,2.0,No
37,2026-03-25 16:42:24,3.0,10.0,2.0,No
37,2026-03-25 16:46:46,2.0,10.0,3.0,No
37,2026-03-25 16:47:03,2.0,10.0,2.0,No
37,2026-03-25 16:48:00,3.0,10.0,2.0,No
37,2026-03-25 16:54:36,2.0,10.0,2.0,No
37,2026-03-25 16:55:43,2.0,10.0,2.0,No
37,2026-03-25 17:01:20,2.0,10.0,2.0,No
37,2026-03-25 17:07:17,3.0,10.0,2.0,No
37,2026-03-25 17:08:34,2.0,10.0,2.0,No
37,2026-03-25 17:11:36,2.0,10.0,2.0,No
37,2026-03-25 17:11:59,2.0,10.0,2.0,No
37,2026-03-25 17:12:48,2.0,10.0,2.0,No
37,2026-03-25 17:13:04,2.0,10.0,2.0,No
37,2026-03-25 17:21:38,2.0,11.0,2.0,No
37,2026-03-25 17:21:54,2.0,10.0,2.0,No
37,2026-03-25 17:40:11,2.0,10.0,2.0,No
37,2026-03-25 17:40:25,0,0,0,Yes
37,2026-03-25 17:40:26,3.0,10.0,2.0,No
37,2026-03-25 17:41:22,3.0,10.0,2.0,No
37,2026-03-25 17:49:06,2.0,10.0,3.0,No
37,2026-03-25 17:49:45,3.0,10.0,2.0,No
37,2026-03-25 17:50:19,2.0,10.0,2.0,No
37,2026-03-25 17:51:24,2.0,10.0,2.0,No
37,2026-03-25 17:53:24,2.0,11.0,2.0,No
37,2026-03-25 17:53:55,3.0,10.0,2.0,No
37,2026-03-25 17:54:38,3.0,10.0,2.0,No
37,2026-03-25 17:57:43,2.0,10.0,3.0,No
37,2026-03-25 17:58:05,2.0,10.0,2.0,No
37,2026-03-25 17:58:32,2.0,11.0,2.0,No
37,2026-03-25 17:58:58,3.0,10.0,2.0,No
37,2026-03-25 18:39:03,3.0,10.0,0.0,No
37,2026-03-25 18:39:16,0,0,0,Yes
37,2026-03-25 18:39:19,3.0,10.0,2.0,No
37,2026-03-25 18:40:17,3.0,10.0,2.0,No
37,2026-03-25 18:40:36,2.0,10.0,2.0,No
37,2026-03-25 18:49:12,3.0,10.0,2.0,No
37,2026-03-25 18:49:55,2.0,10.0,2.0,No
37,2026-03-25 19:32:08,2.0,10.0,2.0,No
37,2026-03-25 19:35:32,2.0,10.0,3.0,No
37,2026-03-25 19:38:14,3.0,10.0,2.0,No
37,2026-03-25 19:43:51,2.0,11.0,2.0,No
37,2026-03-25 19:44:13,2.0,10.0,2.0,No
37,2026-03-25 19:54:52,2.0,10.0,3.0,No
37,2026-03-25 19:55:32,2.0,10.0,2.0,No
37,2026-03-25 19:57:47,3.0,10.0,2.0,No
37,2026-03-25 19:58:05,2.0,10.0,3.0,No
37,2026-03-25 20:05:26,3.0,10.0,2.0,No
37,2026-03-25 20:26:45,2.0,10.0,3.0,No
37,2026-03-25 20:27:16,2.0,10.0,2.0,No
37,2026-03-25 20:35:25,2.0,10.0,2.0,No
37,2026-03-25 20:35:56,2.0,10.0,3.0,No
37,2026-03-25 20:36:30,3.0,10.0,2.0,No
37,2026-03-25 20:37:56,3.0,10.0,2.0,No
37,2026-03-25 20:38:50,2.0,10.0,3.0,No
37,2026-03-25 20:44:08,3.0,10.0,2.0,No
37,2026-03-25 20:58:18,2.0,10.0,1.0,No
37,2026-03-25 20:58:31,0,0,0,Yes
37,2026-03-25 20:58:39,2.0,10.0,3.0,No
37,2026-03-25 20:59:20,2.0,10.0,3.0,No
37,2026-03-25 20:59:39,3.0,10.0,2.0,No
37,2026-03-25 21:00:51,2.0,10.0,3.0,No
37,2026-03-25 21:05:41,3.0,10.0,2.0,No
37,2026-03-25 21:06:00,3.0,10.0,2.0,No
37,2026-03-25 21:06:18,3.0,10.0,2.0,No
37,2026-03-25 21:06:59,2.0,10.0,0.0,No
37,2026-03-25 21:07:11,0,0,0,Yes
37,2026-03-25 21:07:15,2.0,10.0,3.0,No
37,2026-03-25 21:07:43,2.0,10.0,2.0,No
37,2026-03-25 21:08:24,2.0,10.0,3.0,No
37,2026-03-25 21:10:21,2.0,10.0,2.0,No
37,2026-03-25 21:13:37,2.0,10.0,3.0,No
37,2026-03-25 21:21:24,2.0,10.0,3.0,No
37,2026-03-25 21:22:16,2.0,10.0,2.0,No
37,2026-03-25 21:22:30,0,0,0,Yes
37,2026-03-25 21:22:35,2.0,10.0,3.0,No
37,2026-03-25 21:24:16,3.0,10.0,2.0,No
37,2026-03-25 21:24:55,3.0,10.0,2.0,No
37,2026-03-25 21:25:36,3.0,10.0,2.0,No
37,2026-03-25 21:25:54,2.0,10.0,3.0,No
37,2026-03-25 21:26:38,2.0,10.0,3.0,No
37,2026-03-25 21:26:57,2.0,10.0,3.0,No
37,2026-03-25 21:48:56,3.0,10.0,2.0,No
37,2026-03-25 21:49:25,2.0,10.0,3.0,No
37,2026-03-25 21:51:12,2.0,10.0,3.0,No
37,2026-03-25 22:15:16,2.0,10.0,3.0,No
37,2026-03-25 22:15:36,2.0,10.0,2.0,No
37,2026-03-25 22:16:26,2.0,10.0,1.0,No
37,2026-03-25 22:16:39,0,0,0,Yes
37,2026-03-25 22:16:41,2.0,10.0,3.0,No
37,2026-03-25 22:17:21,2.0,10.0,1.0,No
37,2026-03-25 22:17:34,0,0,0,Yes
37,2026-03-25 22:18:40,2.0,10.0,3.0,No
37,2026-03-25 22:22:14,2.0,10.0,3.0,No
37,2026-03-25 22:43:45,2.0,10.0,3.0,No
37,2026-03-25 22:44:04,2.0,10.0,2.0,No
37,2026-03-25 22:46:40,3.0,10.0,2.0,No
37,2026-03-25 22:51:41,3.0,10.0,2.0,No
37,2026-03-25 22:52:10,2.0,10.0,3.0,No
37,2026-03-25 22:53:01,3.0,10.0,2.0,No
37,2026-03-25 22:53:18,2.0,10.0,2.0,No
37,2026-03-25 23:04:26,3.0,10.0,2.0,No
37,2026-03-25 23:04:53,3.0,10.0,2.0,No
37,2026-03-25 23:05:49,2.0,10.0,3.0,No
37,2026-03-25 23:07:29,2.0,10.0,2.0,No
37,2026-03-25 23:07:56,3.0,10.0,2.0,No
37,2026-03-25 23:08:33,2.0,10.0,3.0,No
37,2026-03-25 23:08:48,0,0,0,Yes
37,2026-03-25 23:08:49,3.0,10.0,2.0,No
37,2026-03-25 23:09:22,2.0,10.0,2.0,No
37,2026-03-25 23:41:08,3.0,10.0,2.0,No
37,2026-03-25 23:43:18,2.0,10.0,2.0,No
37,2026-03-25 23:43:48,2.0,10.0,2.0,No
37,2026-03-26 00:46:07,3.0,10.0,2.0,No
37,2026-03-26 00:46:33,3.0,10.0,1.0,No
37,2026-03-26 00:46:47,0,0,0,Yes
37,2026-03-26 00:50:00,3.0,10.0,2.0,No
37,2026-03-26 01:44:07,2.0,10.0,2.0,No
37,2026-03-26 01:46:02,2.0,10.0,2.0,No
37,2026-03-26 01:46:23,3.0,10.0,2.0,No
37,2026-03-26 01:47:54,2.0,10.0,3.0,No
37,2026-03-26 01:48:18,3.0,10.0,0.0,No
37,2026-03-26 01:48:31,0,0,0,Yes
37,2026-03-26 01:48:33,2.0,10.0,2.0,No
37,2026-03-26 01:48:54,3.0,10.0,2.0,No
37,2026-03-26 02:38:42,2.0,10.0,2.0,No
37,2026-03-26 02:38:57,2.0,10.0,3.0,No
37,2026-03-26 02:39:16,2.0,10.0,2.0,No
37,2026-03-26 02:48:51,3.0,10.0,2.0,No
37,2026-03-26 02:49:21,2.0,10.0,2.0,No
37,2026-03-26 03:05:03,2.0,10.0,2.0,No
37,2026-03-26 08:16:28,2.0,10.0,3.0,No
37,2026-03-26 08:23:07,3.0,10.0,2.0,No
37,2026-03-26 08:23:27,2.0,10.0,3.0,No
37,2026-03-26 08:24:44,3.0,10.0,2.0,No
37,2026-03-26 08:26:45,3.0,10.0,2.0,No
37,2026-03-26 08:43:06,2.0,10.0,0.0,No
37,2026-03-26 08:43:18,0,0,0,Yes
37,2026-03-26 08:43:23,2.0,10.0,3.0,No
37,2026-03-26 08:43:51,3.0,10.0,2.0,No
37,2026-03-26 08:44:28,2.0,10.0,2.0,No
37,2026-03-26 08:45:01,2.0,10.0,3.0,No
37,2026-03-26 08:45:29,2.0,10.0,3.0,No
37,2026-03-26 08:55:49,2.0,10.0,2.0,No
37,2026-03-26 08:56:35,3.0,10.0,2.0,No
37,2026-03-26 09:04:33,3.0,10.0,2.0,No
37,2026-03-26 09:04:54,2.0,10.0,2.0,No
37,2026-03-26 09:28:11,3.0,10.0,2.0,No
37,2026-03-26 09:28:42,3.0,10.0,2.0,No
37,2026-03-26 09:38:10,3.0,10.0,2.0,No
37,2026-03-26 09:39:39,2.0,10.0,3.0,No
37,2026-03-26 09:50:20,2.0,10.0,3.0,No
37,2026-03-26 10:11:04,2.0,10.0,0.0,No
37,2026-03-26 10:11:16,0,0,0,Yes
37,2026-03-26 10:11:19,3.0,10.0,2.0,No
37,2026-03-26 10:11:51,3.0,10.0,2.0,No
37,2026-03-26 10:12:41,2.0,10.0,3.0,No
37,2026-03-26 10:26:34,3.0,10.0,2.0,No
37,2026-03-26 10:28:10,2.0,11.0,2.0,No
37,2026-03-26 10:28:45,2.0,10.0,2.0,No
37,2026-03-26 10:39:08,2.0,10.0,3.0,No
37,2026-03-26 10:52:09,2.0,10.0,3.0,No
37,2026-03-26 10:53:25,3.0,10.0,2.0,No
37,2026-03-26 11:01:32,3.0,10.0,2.0,No
37,2026-03-26 11:02:56,3.0,10.0,2.0,No
37,2026-03-26 11:33:03,1.0,10.0,2.0,No
37,2026-03-26 11:33:16,0,0,0,Yes
37,2026-03-26 11:33:17,2.0,10.0,3.0,No
37,2026-03-26 11:33:43,3.0,10.0,2.0,No
37,2026-03-26 11:42:16,2.0,10.0,2.0,No
37,2026-03-26 11:57:11,3.0,10.0,2.0,No
37,2026-03-26 11:58:34,2.0,10.0,3.0,No
37,2026-03-26 12:01:33,2.0,10.0,3.0,No
37,2026-03-26 12:03:01,3.0,10.0,2.0,No
37,2026-03-26 12:06:53,2.0,10.0,3.0,No
37,2026-03-26 12:16:37,2.0,10.0,3.0,No
37,2026-03-26 12:23:37,2.0,10.0,3.0,No
37,2026-03-26 12:29:15,3.0,10.0,2.0,No
37,2026-03-26 12:32:18,3.0,10.0,2.0,No
37,2026-03-26 12:34:59,3.0,10.0,2.0,No
37,2026-03-26 12:40:08,3.0,10.0,2.0,No
37,2026-03-26 12:47:22,3.0,10.0,2.0,No
37,2026-03-26 12:53:29,2.0,10.0,2.0,No
37,2026-03-26 12:55:21,3.0,10.0,2.0,No
37,2026-03-26 12:58:31,3.0,10.0,2.0,No
37,2026-03-26 12:58:54,3.0,10.0,2.0,No
37,2026-03-26 13:03:10,2.0,11.0,2.0,No
37,2026-03-26 13:07:06,3.0,10.0,2.0,No
37,2026-03-26 13:10:46,3.0,10.0,2.0,No
37,2026-03-26 13:11:26,2.0,10.0,3.0,No
37,2026-03-26 13:22:38,2.0,10.0,3.0,No
37,2026-03-26 13:37:05,3.0,10.0,2.0,No
37,2026-03-26 13:38:21,2.0,10.0,3.0,No
37,2026-03-26 13:41:46,3.0,10.0,2.0,No
37,2026-03-26 13:42:54,2.0,10.0,3.0,No
37,2026-03-26 13:56:49,3.0,10.0,2.0,No
37,2026-03-26 13:58:32,2.0,10.0,3.0,No
37,2026-03-26 13:58:53,2.0,10.0,3.0,No
37,2026-03-26 13:59:32,2.0,10.0,3.0,No
37,2026-03-26 14:07:09,2.0,10.0,2.0,No
37,2026-03-26 14:08:13,3.0,10.0,2.0,No
37,2026-03-26 14:08:28,3.0,10.0,2.0,No
37,2026-03-26 14:11:15,2.0,10.0,3.0,No
37,2026-03-26 14:12:59,3.0,10.0,2.0,No
37,2026-03-26 14:13:17,3.0,10.0,2.0,No
37,2026-03-26 14:13:33,3.0,10.0,2.0,No
37,2026-03-26 14:14:09,2.0,10.0,3.0,No
37,2026-03-26 14:32:32,3.0,10.0,2.0,No
37,2026-03-26 14:39:27,2.0,10.0,3.0,No
37,2026-03-26 14:41:53,2.0,10.0,3.0,No
37,2026-03-26 14:48:22,2.0,10.0,2.0,No
37,2026-03-26 14:49:07,3.0,10.0,2.0,No
37,2026-03-26 14:59:17,0,0,2.0,No
37,2026-03-26 14:59:34,3.0,10.0,2.0,No
37,2026-03-26 15:02:33,2.0,10.0,3.0,No
37,2026-03-26 15:03:51,2.0,10.0,3.0,No
37,2026-03-26 15:04:30,3.0,10.0,2.0,No
37,2026-03-26 15:04:59,2.0,11.0,2.0,No
37,2026-03-26 15:27:17,2.0,10.0,3.0,No
37,2026-03-26 15:30:36,3.0,10.0,2.0,No
37,2026-03-26 15:31:13,3.0,10.0,2.0,No
37,2026-03-26 15:32:06,2.0,10.0,3.0,No
37,2026-03-26 15:33:04,2.0,10.0,3.0,No
37,2026-03-26 15:33:59,2.0,10.0,3.0,No
37,2026-03-26 15:34:26,2.0,10.0,3.0,No
37,2026-03-26 15:35:37,2.0,10.0,3.0,No
37,2026-03-26 15:36:42,2.0,10.0,3.0,No
37,2026-03-26 15:37:12,2.0,10.0,2.0,No
37,2026-03-26 15:42:09,3.0,10.0,2.0,No
37,2026-03-26 15:43:04,3.0,10.0,2.0,No
37,2026-03-26 15:43:20,3.0,10.0,2.0,No
37,2026-03-26 15:44:14,3.0,10.0,2.0,No
37,2026-03-26 15:47:00,3.0,10.0,2.0,No
37,2026-03-26 15:50:09,2.0,10.0,3.0,No
37,2026-03-26 16:00:15,0,0,3.0,No
37,2026-03-26 16:08:56,2.0,10.0,2.0,No
37,2026-03-26 16:12:24,2.0,10.0,3.0,No
37,2026-03-26 16:14:05,3.0,10.0,2.0,No
37,2026-03-26 16:21:00,2.0,10.0,3.0,No
37,2026-03-26 16:22:19,3.0,10.0,2.0,No
37,2026-03-26 16:29:38,2.0,10.0,2.0,No
37,2026-03-26 16:32:46,2.0,10.0,3.0,No
37,2026-03-26 16:34:05,2.0,10.0,3.0,No
37,2026-03-26 16:34:52,2.0,10.0,3.0,No
37,2026-03-26 16:35:10,3.0,10.0,2.0,No
37,2026-03-26 16:36:07,2.0,10.0,3.0,No
37,2026-03-26 16:37:11,3.0,10.0,2.0,No
37,2026-03-26 16:38:27,3.0,10.0,2.0,No
37,2026-03-26 16:39:37,3.0,10.0,2.0,No
37,2026-03-26 16:40:52,2.0,10.0,2.0,No
37,2026-03-26 16:42:20,3.0,10.0,2.0,No
37,2026-03-26 16:44:18,3.0,10.0,2.0,No
37,2026-03-26 16:44:59,2.0,10.0,2.0,No
37,2026-03-26 16:45:47,3.0,10.0,2.0,No
37,2026-03-26 16:48:16,2.0,10.0,3.0,No
37,2026-03-26 16:49:48,2.0,10.0,3.0,No
37,2026-03-26 16:52:10,2.0,10.0,2.0,No
37,2026-03-26 16:52:36,2.0,10.0,2.0,No
37,2026-03-26 16:52:55,2.0,10.0,2.0,No
37,2026-03-26 16:53:28,3.0,10.0,2.0,No
37,2026-03-26 16:54:14,2.0,10.0,3.0,No
37,2026-03-26 16:56:16,3.0,10.0,2.0,No
37,2026-03-26 16:56:36,2.0,10.0,2.0,No
37,2026-03-26 16:57:06,3.0,10.0,2.0,No
37,2026-03-26 16:57:27,3.0,10.0,2.0,No
37,2026-03-26 16:59:21,3.0,10.0,2.0,No
37,2026-03-26 17:00:44,2.0,11.0,2.0,No
37,2026-03-26 17:02:20,3.0,10.0,2.0,No
37,2026-03-26 17:03:29,3.0,10.0,2.0,No
37,2026-03-26 17:04:02,2.0,10.0,3.0,No
37,2026-03-26 17:04:47,3.0,10.0,2.0,No
37,2026-03-26 17:15:06,2.0,10.0,3.0,No
37,2026-03-26 17:16:19,3.0,10.0,2.0,No
37,2026-03-26 17:22:16,3.0,10.0,2.0,No
37,2026-03-26 17:26:19,2.0,10.0,3.0,No
37,2026-03-26 17:27:05,2.0,10.0,3.0,No
37,2026-03-26 17:34:52,3.0,10.0,2.0,No
37,2026-03-26 17:39:47,3.0,10.0,2.0,No
37,2026-03-26 17:40:28,3.0,10.0,2.0,No
37,2026-03-26 17:43:11,3.0,10.0,2.0,No
37,2026-03-26 17:46:38,2.0,10.0,3.0,No
37,2026-03-26 17:49:00,3.0,10.0,2.0,No
37,2026-03-26 17:49:58,2.0,10.0,3.0,No
37,2026-03-26 17:50:43,2.0,10.0,3.0,No
37,2026-03-26 17:55:32,3.0,10.0,2.0,No
37,2026-03-26 17:56:54,3.0,10.0,2.0,No
37,2026-03-26 17:57:48,3.0,10.0,2.0,No
37,2026-03-26 17:59:50,2.0,11.0,2.0,No
37,2026-03-26 18:03:34,3.0,10.0,2.0,No
37,2026-03-26 18:03:50,2.0,10.0,3.0,No
37,2026-03-26 18:11:42,2.0,10.0,1.0,No
37,2026-03-26 18:11:55,0,0,0,Yes
37,2026-03-26 18:12:25,2.0,11.0,2.0,No
37,2026-03-26 18:12:49,3.0,10.0,2.0,No
37,2026-03-26 18:13:44,3.0,10.0,2.0,No
37,2026-03-26 18:14:18,3.0,10.0,2.0,No
37,2026-03-26 18:14:52,2.0,10.0,3.0,No
37,2026-03-26 18:15:08,3.0,10.0,0.0,No
37,2026-03-26 18:15:21,0,0,0,Yes
37,2026-03-26 18:16:06,2.0,10.0,3.0,No
37,2026-03-26 18:17:27,2.0,10.0,1.0,No
37,2026-03-26 18:17:40,0,0,0,Yes
37,2026-03-26 18:17:52,3.0,10.0,2.0,No
37,2026-03-26 18:18:07,0,0,0,Yes
37,2026-03-26 18:19:01,3.0,10.0,2.0,No
37,2026-03-26 18:19:54,3.0,9.0,3.0,No
37,2026-03-26 18:20:53,3.0,10.0,2.0,No
37,2026-03-26 18:21:30,3.0,10.0,2.0,No
37,2026-03-26 18:21:58,3.0,10.0,2.0,No
37,2026-03-26 18:22:47,2.0,10.0,3.0,No
37,2026-03-26 18:23:05,2.0,10.0,3.0,No
37,2026-03-26 18:25:40,2.0,10.0,2.0,No
37,2026-03-26 18:25:54,0,0,0,Yes
37,2026-03-26 18:26:16,3.0,10.0,2.0,No
37,2026-03-26 18:26:49,3.0,10.0,2.0,No
37,2026-03-26 18:27:07,2.0,10.0,3.0,No
37,2026-03-26 18:27:25,2.0,10.0,2.0,No
37,2026-03-26 18:28:22,2.0,10.0,3.0,No
37,2026-03-26 18:28:55,3.0,10.0,2.0,No
37,2026-03-26 18:29:12,2.0,10.0,3.0,No
37,2026-03-26 18:29:47,3.0,10.0,2.0,No
37,2026-03-26 18:30:14,3.0,10.0,2.0,No
37,2026-03-26 18:47:28,3.0,10.0,2.0,No
37,2026-03-26 19:14:36,2.0,10.0,3.0,No
37,2026-03-26 19:15:39,3.0,10.0,2.0,No
37,2026-03-26 19:16:33,2.0,10.0,3.0,No
37,2026-03-26 19:16:54,3.0,10.0,2.0,No
37,2026-03-26 19:28:13,3.0,10.0,2.0,No
37,2026-03-26 19:44:43,3.0,10.0,2.0,No
37,2026-03-26 20:03:24,3.0,10.0,2.0,No
37,2026-03-26 20:03:51,3.0,10.0,2.0,No
37,2026-03-26 20:04:09,3.0,10.0,2.0,No
37,2026-03-26 20:04:29,3.0,10.0,3.0,No
37,2026-03-26 20:23:47,2.0,10.0,3.0,No
37,2026-03-26 20:24:16,2.0,10.0,3.0,No
37,2026-03-26 20:25:19,2.0,10.0,3.0,No
37,2026-03-26 20:26:19,2.0,11.0,2.0,No
37,2026-03-26 20:34:37,3.0,10.0,2.0,No
37,2026-03-26 20:36:21,2.0,10.0,3.0,No
37,2026-03-26 20:36:53,2.0,10.0,2.0,No
37,2026-03-26 20:40:42,2.0,11.0,2.0,No
37,2026-03-26 20:44:18,2.0,10.0,3.0,No
37,2026-03-26 20:55:11,2.0,10.0,3.0,No
37,2026-03-26 21:02:07,3.0,10.0,2.0,No
37,2026-03-26 21:02:45,3.0,10.0,2.0,No
37,2026-03-26 21:03:14,3.0,10.0,2.0,No
37,2026-03-26 21:16:59,2.0,10.0,3.0,No
37,2026-03-26 21:19:04,3.0,10.0,2.0,No
37,2026-03-26 21:20:05,3.0,10.0,2.0,No
37,2026-03-26 21:32:36,3.0,10.0,2.0,No
37,2026-03-26 21:34:29,3.0,10.0,2.0,No
37,2026-03-26 21:34:54,2.0,10.0,3.0,No
37,2026-03-26 22:19:55,2.0,10.0,3.0,No
37,2026-03-26 22:22:10,3.0,10.0,2.0,No
37,2026-03-26 22:33:48,3.0,10.0,2.0,No
37,2026-03-26 22:34:08,2.0,10.0,3.0,No
37,2026-03-26 22:37:23,3.0,10.0,2.0,No
37,2026-03-26 22:37:39,3.0,10.0,2.0,No
37,2026-03-26 22:46:59,3.0,10.0,2.0,No
37,2026-03-26 22:47:44,3.0,10.0,2.0,No
37,2026-03-26 22:56:26,2.0,10.0,3.0,No
37,2026-03-26 23:07:58,3.0,10.0,2.0,No
37,2026-03-26 23:10:06,2.0,10.0,2.0,No
37,2026-03-26 23:12:07,2.0,10.0,3.0,No
37,2026-03-26 23:12:36,2.0,10.0,3.0,No
37,2026-03-26 23:19:16,3.0,10.0,2.0,No
37,2026-03-26 23:22:37,2.0,10.0,3.0,No
37,2026-03-26 23:34:37,3.0,10.0,2.0,No
37,2026-03-26 23:34:56,3.0,10.0,2.0,No
37,2026-03-26 23:41:32,2.0,10.0,3.0,No
37,2026-03-27 00:16:05,3.0,10.0,2.0,No
37,2026-03-27 01:17:52,2.0,10.0,3.0,No
37,2026-03-27 01:57:05,2.0,10.0,2.0,No
37,2026-03-27 01:57:51,3.0,10.0,2.0,No
37,2026-03-27 01:58:06,0,0,0,Yes
37,2026-03-27 02:07:06,2.0,10.0,2.0,No
37,2026-03-27 02:07:20,0,0,0,Yes
37,2026-03-27 02:08:25,3.0,10.0,2.0,No
37,2026-03-27 02:18:31,0,0,2.0,No
37,2026-03-27 02:32:19,3.0,10.0,2.0,No
37,2026-03-27 03:55:59,3.0,10.0,2.0,No
37,2026-03-27 04:25:05,2.0,10.0,2.0,No
37,2026-03-27 04:45:54,3.0,10.0,2.0,No
37,2026-03-27 04:46:42,3.0,10.0,2.0,No
37,2026-03-27 05:30:56,3.0,10.0,2.0,No
37,2026-03-27 05:31:40,3.0,10.0,2.0,No
37,2026-03-27 05:32:16,2.0,10.0,2.0,No
37,2026-03-27 06:10:57,3.0,10.0,2.0,No
37,2026-03-27 06:11:19,3.0,10.0,2.0,No
37,2026-03-27 06:34:17,2.0,10.0,0.0,No
37,2026-03-27 06:34:34,2.0,10.0,0.0,No
37,2026-03-27 06:55:33,3.0,10.0,0.0,No
37,2026-03-27 06:56:30,2.0,10.0,1.0,No
37,2026-03-27 06:57:53,2.0,10.0,2.0,No
37,2026-03-27 07:12:52,3.0,10.0,0.0,No
37,2026-03-27 07:13:37,2.0,10.0,1.0,No
37,2026-03-27 09:50:56,3.0,10.0,0.0,No
37,2026-03-27 09:59:09,2.0,10.0,1.0,No
37,2026-03-27 10:14:45,0.0,10.0,0.0,No
37,2026-03-27 10:16:27,2.0,10.0,2.0,No
37,2026-03-27 10:19:05,2.0,10.0,2.0,No
37,2026-03-27 10:26:29,1.0,10.0,2.0,No
37,2026-03-27 10:29:28,2.0,9.0,2.0,No
37,2026-03-27 10:32:00,4.0,10.0,1.0,No
37,2026-03-27 10:33:26,1.0,10.0,1.0,No
37,2026-03-27 10:35:33,1.0,10.0,0.0,No
37,2026-03-27 10:36:43,1.0,11.0,0.0,No
37,2026-03-27 10:39:31,2.0,10.0,1.0,No
37,2026-03-27 10:42:36,2.0,10.0,2.0,No
37,2026-03-27 10:43:30,2.0,10.0,1.0,No
37,2026-03-27 10:50:00,2.0,10.0,0.0,No
37,2026-03-27 10:50:22,2.0,10.0,2.0,No
37,2026-03-27 10:51:22,2.0,10.0,1.0,No
37,2026-03-27 10:54:11,3.0,10.0,1.0,No
37,2026-03-27 11:07:17,2.0,10.0,1.0,No
37,2026-03-27 11:08:45,2.0,10.0,0.0,No
37,2026-03-27 11:10:07,2.0,11.0,1.0,No
37,2026-03-27 11:13:05,1.0,10.0,2.0,No
37,2026-03-27 11:14:46,1.0,10.0,1.0,No
37,2026-03-27 11:15:16,2.0,10.0,2.0,No
37,2026-03-27 11:22:27,2.0,10.0,0.0,No
37,2026-03-27 11:23:06,2.0,10.0,1.0,No
37,2026-03-27 11:23:37,2.0,10.0,1.0,No
37,2026-03-27 11:35:37,2.0,11.0,0.0,No
37,2026-03-27 11:40:44,2.0,10.0,0.0,No
37,2026-03-27 11:40:56,0,0,0,Yes
37,2026-03-27 11:50:34,2.0,10.0,1.0,No
37,2026-03-27 11:56:47,2.0,10.0,1.0,No
