Start Timestamp,End Timestamp,Min Intensity,Max Intensity,Avg Intensity,Log Count,Duration (s),Time Since Last (s)
2026-08-25 16:25:40,2026-08-25 16:25:57,10.2,12.8,12.07,34,17.0,
2026-08-25 16:26:14,2026-08-25 16:26:44,10.0,13.4,12.11,55,30.0,17.0
2026-08-25 16:28:00,2026-08-25 16:28:09,10.2,13.3,11.91,19,9.0,76.0
2026-08-25 16:56:49,2026-08-25 16:57:25,10.1,12.8,11.83,70,36.0,1720.0
2026-08-25 17:05:35,2026-08-25 17:05:40,10.0,10.7,10.43,3,5.0,490.0
2026-08-25 17:33:13,2026-08-25 17:33:23,10.0,11.6,10.57,3,10.0,1653.0
2026-08-25 17:34:18,2026-08-25 17:34:43,10.0,11.1,10.42,6,25.0,55.0
2026-08-25 17:45:22,2026-08-25 17:45:25,10.0,14.1,11.11,7,3.0,639.0
2026-08-25 17:49:39,2026-08-25 17:49:43,10.5,14.9,12.2,9,4.0,254.0
2026-08-25 17:49:57,2026-08-25 17:50:14,10.2,14.5,12.18,16,17.0,14.0
2026-08-25 17:50:50,2026-08-25 17:50:55,10.0,10.1,10.05,2,5.0,36.0
2026-08-25 17:52:50,2026-08-25 17:52:54,10.1,14.9,12.54,9,4.0,115.0
2026-08-25 17:53:29,2026-08-25 17:53:33,10.0,10.5,10.19,9,4.0,35.0
2026-08-25 17:53:48,2026-08-25 17:53:51,10.1,12.7,11.2,5,3.0,15.0
2026-08-25 17:54:02,2026-08-25 17:54:19,10.0,10.7,10.23,10,17.0,11.0
2026-08-25 17:55:36,2026-08-25 17:55:50,10.0,10.5,10.18,4,14.0,77.0
2026-08-25 17:59:37,2026-08-25 17:59:41,10.1,12.6,11.14,10,4.0,227.0
2026-08-25 18:03:15,2026-08-25 18:03:33,10.0,14.7,10.77,10,18.0,214.0
2026-08-25 18:03:45,2026-08-25 18:03:49,10.0,10.6,10.22,4,4.0,12.0
2026-08-25 18:04:05,2026-08-25 18:04:08,10.0,12.0,10.57,4,3.0,16.0
2026-08-25 18:04:23,2026-08-25 18:04:51,10.0,15.5,12.45,25,28.0,15.0
2026-08-25 18:05:12,2026-08-25 18:05:15,10.0,11.0,10.42,6,3.0,21.0
2026-08-25 18:06:11,2026-08-25 18:06:16,10.0,15.9,13.53,10,5.0,56.0
2026-08-25 18:06:36,2026-08-25 18:06:47,10.0,11.2,10.31,7,11.0,20.0
2026-08-25 18:07:10,2026-08-25 18:07:14,10.0,19.4,13.0,10,4.0,23.0
2026-08-25 18:07:54,2026-08-25 18:07:58,10.1,14.6,11.59,9,4.0,40.0
2026-08-25 18:08:19,2026-08-25 18:08:29,10.0,15.8,12.09,10,10.0,21.0
2026-08-25 18:08:40,2026-08-25 18:09:05,10.0,11.1,10.63,41,25.0,11.0
2026-08-25 18:09:33,2026-08-25 18:09:56,10.0,14.4,11.08,24,23.0,28.0
2026-08-25 18:10:11,2026-08-25 18:10:14,10.0,11.4,10.27,7,3.0,15.0
2026-08-25 18:10:31,2026-08-25 18:10:38,10.0,15.2,11.91,10,7.0,17.0
2026-08-25 18:11:34,2026-08-25 18:11:42,10.0,12.0,10.56,17,8.0,56.0
2026-08-25 18:11:59,2026-08-25 18:12:16,10.0,13.0,10.97,24,17.0,17.0
2026-08-25 18:14:13,2026-08-25 18:14:18,10.0,11.5,10.25,8,5.0,117.0
2026-08-25 18:14:51,2026-08-25 18:14:56,10.0,14.5,12.17,10,5.0,33.0
2026-08-25 18:16:15,2026-08-25 18:16:24,10.0,12.8,10.6,18,9.0,79.0
2026-08-25 18:17:17,2026-08-25 18:17:20,10.0,11.1,10.49,7,3.0,53.0
2026-08-25 18:17:56,2026-08-25 18:17:59,10.0,12.0,10.87,7,3.0,36.0
2026-08-25 18:18:20,2026-08-25 18:18:27,10.0,13.7,11.74,10,7.0,21.0
2026-08-25 18:19:51,2026-08-25 18:19:57,10.0,15.6,12.61,13,6.0,84.0
2026-08-25 18:20:11,2026-08-25 18:20:34,10.0,14.6,11.43,19,23.0,14.0
2026-08-25 18:20:50,2026-08-25 18:20:59,10.0,11.0,10.7,19,9.0,16.0
2026-08-25 18:21:14,2026-08-25 18:21:30,10.0,13.2,10.57,28,16.0,15.0
2026-08-25 18:21:47,2026-08-25 18:22:43,10.0,17.9,11.14,93,56.0,17.0
2026-08-25 18:23:02,2026-08-25 18:23:25,10.0,11.3,10.38,19,23.0,19.0
2026-08-25 18:23:39,2026-08-25 18:23:57,10.0,12.6,10.8,21,18.0,14.0
2026-08-25 18:24:08,2026-08-25 18:25:21,10.0,15.2,10.85,85,73.0,11.0
2026-08-25 18:25:34,2026-08-25 18:25:51,10.0,13.4,11.08,12,17.0,13.0
2026-08-25 18:26:17,2026-08-25 18:26:50,10.0,12.1,10.43,32,33.0,26.0
2026-08-25 18:28:45,2026-08-25 18:30:00,10.0,11.2,10.04,137,75.0,115.0
2026-08-25 18:30:18,2026-08-25 18:31:08,10.0,17.3,11.43,47,50.0,18.0
2026-08-25 18:31:48,2026-08-25 18:32:45,10.0,12.0,10.25,95,57.0,40.0
2026-08-25 18:33:02,2026-08-25 18:33:40,10.0,18.5,12.5,55,38.0,17.0
2026-08-25 18:33:56,2026-08-25 18:34:00,10.0,10.4,10.18,8,4.0,16.0
2026-08-25 18:34:13,2026-08-25 18:34:51,10.0,15.6,10.88,47,38.0,13.0
2026-08-25 21:56:54,2026-08-25 21:57:05,10.0,13.9,11.24,16,11.0,12123.0
2026-08-25 21:57:16,2026-08-25 21:57:48,10.2,16.1,14.23,61,32.0,11.0
2026-08-25 23:32:58,2026-08-25 23:33:01,10.1,13.8,11.96,7,3.0,5710.0
2026-08-25 23:51:48,2026-08-25 23:51:52,10.1,10.9,10.5,3,4.0,1127.0
2026-08-25 23:59:57,2026-08-26 00:00:03,10.0,13.0,11.32,13,6.0,485.0
2026-08-26 00:00:24,2026-08-26 00:00:29,10.1,12.6,11.54,10,5.0,21.0
2026-08-26 00:02:23,2026-08-26 00:02:26,10.0,12.6,11.72,5,3.0,114.0
2026-08-26 00:04:56,2026-08-26 00:04:59,10.1,13.8,12.97,8,3.0,150.0
2026-08-26 00:06:45,2026-08-26 00:06:56,10.2,12.3,11.67,22,11.0,106.0
2026-08-26 00:14:04,2026-08-26 00:14:23,10.0,15.5,14.48,37,19.0,428.0
2026-08-26 00:17:06,2026-08-26 00:17:10,10.1,12.8,11.7,8,4.0,163.0
2026-08-26 00:25:21,2026-08-26 00:25:26,10.0,12.0,10.99,9,5.0,491.0
2026-08-26 00:38:33,2026-08-26 00:38:36,10.1,12.3,10.88,6,3.0,787.0
2026-08-26 01:02:37,2026-08-26 01:02:40,10.0,12.5,11.7,6,3.0,1441.0
2026-08-26 01:03:06,2026-08-26 01:03:14,10.1,11.5,10.87,18,8.0,26.0
2026-08-26 01:36:45,2026-08-26 01:37:34,10.0,12.0,11.13,89,49.0,2011.0
2026-08-26 02:01:28,2026-08-26 02:01:36,10.0,12.9,10.76,8,8.0,1434.0
2026-08-26 03:41:18,2026-08-26 03:41:50,10.0,16.4,13.65,46,32.0,5982.0
2026-08-26 03:42:07,2026-08-26 03:42:11,10.0,14.1,12.28,5,4.0,17.0
2026-08-26 03:48:39,2026-08-26 03:48:43,10.2,15.6,12.88,8,4.0,388.0
2026-08-26 03:55:55,2026-08-26 03:56:00,10.0,14.5,12.84,10,5.0,432.0
2026-08-26 03:56:17,2026-08-26 03:56:44,10.2,16.3,15.44,54,27.0,17.0
2026-08-26 05:06:17,2026-08-26 05:06:37,10.1,12.3,11.22,41,20.0,4173.0
2026-08-26 05:07:05,2026-08-26 05:07:10,10.0,14.4,12.54,11,5.0,28.0
2026-08-26 05:48:45,2026-08-26 05:49:07,10.1,13.0,12.3,43,22.0,2495.0
2026-08-26 07:12:35,2026-08-26 07:12:41,10.0,11.3,10.78,12,6.0,5008.0
2026-08-26 08:00:34,2026-08-26 08:00:41,10.0,10.5,10.28,13,7.0,2873.0
2026-08-26 08:29:17,2026-08-26 08:29:28,10.3,15.7,14.2,22,11.0,1716.0
2026-08-26 08:41:06,2026-08-26 08:41:12,10.0,12.9,11.36,7,6.0,698.0
