Clip Index,Start Timestamp,Video Start (s),Clip Duration (s),Status
1,2026-08-25 16:25:40,200.0,23.0,Saved
2,2026-08-25 16:26:14,234.0,36.0,Saved
3,2026-08-25 16:28:00,340.0,15.0,Saved
4,2026-08-25 16:56:49,2069.0,42.0,Saved
5,2026-08-25 17:05:35,2595.0,11.0,Saved
6,2026-08-25 17:33:13,4253.0,16.0,Saved
7,2026-08-25 17:34:18,4318.0,31.0,Saved
8,2026-08-25 17:45:22,4982.0,9.0,Saved
9,2026-08-25 17:49:39,5239.0,10.0,Saved
10,2026-08-25 17:49:57,5257.0,23.0,Saved
11,2026-08-25 17:50:50,5310.0,11.0,Saved
12,2026-08-25 17:52:50,5430.0,10.0,Saved
13,2026-08-25 17:53:29,5469.0,10.0,Saved
14,2026-08-25 17:53:48,5488.0,9.0,Saved
15,2026-08-25 17:54:02,5502.0,23.0,Saved
16,2026-08-25 17:55:36,5596.0,20.0,Saved
17,2026-08-25 17:59:37,5837.0,10.0,Saved
18,2026-08-25 18:03:15,6055.0,24.0,Saved
19,2026-08-25 18:03:45,6085.0,10.0,Saved
20,2026-08-25 18:04:05,6105.0,9.0,Saved
21,2026-08-25 18:04:23,6123.0,34.0,Saved
22,2026-08-25 18:05:12,6172.0,9.0,Saved
23,2026-08-25 18:06:11,6231.0,11.0,Saved
24,2026-08-25 18:06:36,6256.0,17.0,Saved
25,2026-08-25 18:07:10,6290.0,10.0,Saved
26,2026-08-25 18:07:54,6334.0,10.0,Saved
27,2026-08-25 18:08:19,6359.0,16.0,Saved
28,2026-08-25 18:08:40,6380.0,31.0,Saved
29,2026-08-25 18:09:33,6433.0,29.0,Saved
30,2026-08-25 18:10:11,6471.0,9.0,Saved
31,2026-08-25 18:10:31,6491.0,13.0,Saved
32,2026-08-25 18:11:34,6554.0,14.0,Saved
33,2026-08-25 18:11:59,6579.0,23.0,Saved
34,2026-08-25 18:14:13,6713.0,11.0,Saved
35,2026-08-25 18:14:51,6751.0,11.0,Saved
36,2026-08-25 18:16:15,6835.0,15.0,Saved
37,2026-08-25 18:17:17,6897.0,9.0,Saved
38,2026-08-25 18:17:56,6936.0,9.0,Saved
39,2026-08-25 18:18:20,6960.0,13.0,Saved
40,2026-08-25 18:19:51,7051.0,12.0,Saved
41,2026-08-25 18:20:11,7071.0,29.0,Saved
42,2026-08-25 18:20:50,7110.0,15.0,Saved
43,2026-08-25 18:21:14,7134.0,22.0,Saved
44,2026-08-25 18:21:47,7167.0,62.0,Saved
45,2026-08-25 18:23:02,7242.0,29.0,Saved
46,2026-08-25 18:23:39,7279.0,24.0,Saved
47,2026-08-25 18:24:08,7308.0,79.0,Saved
48,2026-08-25 18:25:34,7394.0,23.0,Saved
49,2026-08-25 18:26:17,7437.0,39.0,Saved
50,2026-08-25 18:28:45,7585.0,81.0,Saved
51,2026-08-25 18:30:18,7678.0,56.0,Saved
52,2026-08-25 18:31:48,7768.0,63.0,Saved
53,2026-08-25 18:33:02,7842.0,44.0,Saved
54,2026-08-25 18:33:56,7896.0,10.0,Saved
55,2026-08-25 18:34:13,7913.0,44.0,Saved
56,2026-08-25 21:56:54,20074.0,17.0,Saved
57,2026-08-25 21:57:16,20096.0,38.0,Saved
58,2026-08-25 23:32:58,25838.0,9.0,Saved
59,2026-08-25 23:51:48,26968.0,10.0,Saved
60,2026-08-25 23:59:57,27457.0,12.0,Saved
61,2026-08-26 00:00:24,27484.0,11.0,Saved
62,2026-08-26 00:02:23,27603.0,9.0,Saved
63,2026-08-26 00:04:56,27756.0,9.0,Saved
64,2026-08-26 00:06:45,27865.0,17.0,Saved
65,2026-08-26 00:14:04,28304.0,25.0,Saved
66,2026-08-26 00:17:06,28486.0,10.0,Saved
67,2026-08-26 00:25:21,28981.0,11.0,Saved
68,2026-08-26 00:38:33,29773.0,9.0,Saved
69,2026-08-26 01:02:37,31217.0,9.0,Saved
70,2026-08-26 01:03:06,31246.0,14.0,Saved
71,2026-08-26 01:36:45,33265.0,55.0,Saved
72,2026-08-26 02:01:28,34748.0,14.0,Saved
73,2026-08-26 03:41:18,40738.0,38.0,Saved
74,2026-08-26 03:42:07,40787.0,10.0,Saved
75,2026-08-26 03:48:39,41179.0,10.0,Saved
76,2026-08-26 03:55:55,41615.0,11.0,Saved
77,2026-08-26 03:56:17,41637.0,33.0,Saved
78,2026-08-26 05:06:17,45837.0,26.0,Saved
79,2026-08-26 05:07:05,45885.0,11.0,Saved
80,2026-08-26 05:48:45,48385.0,28.0,Saved
81,2026-08-26 07:12:35,53415.0,12.0,Saved
82,2026-08-26 08:00:34,56294.0,13.0,Saved
83,2026-08-26 08:29:17,58017.0,17.0,Saved
84,2026-08-26 08:41:06,58726.0,12.0,Saved
