Start Timestamp,Min Intensity,Max Intensity,Avg Intensity,Log Count,Duration (s)
2026-05-04 12:16:27,20.2,25.6,22.84,5,2.0
2026-05-04 12:16:38,20.2,20.2,20.2,1,0.0
2026-05-04 12:16:40,20.2,25.4,22.39,17,8.0
2026-05-04 12:21:34,20.1,25.9,23.25,4,1.0
2026-05-04 12:22:11,20.1,20.1,20.1,1,0.0
2026-05-04 12:23:34,20.6,22.4,21.5,2,1.0
2026-05-04 12:26:37,20.4,20.4,20.4,1,0.0
2026-05-04 12:28:08,20.2,21.6,20.9,2,0.0
2026-05-04 12:28:52,20.5,20.5,20.5,1,0.0
2026-05-04 12:30:48,20.1,20.6,20.35,2,1.0
2026-05-04 12:31:28,20.1,20.1,20.1,1,0.0
2026-05-04 12:36:01,21.6,21.6,21.6,1,0.0
2026-05-04 12:36:17,20.3,20.3,20.3,1,0.0
2026-05-04 12:36:47,20.4,27.5,23.5,3,1.0
2026-05-04 12:36:54,20.4,20.4,20.4,1,0.0
2026-05-04 12:37:33,20.5,26.2,23.35,2,1.0
2026-05-04 12:37:41,20.0,23.8,21.9,2,1.0
2026-05-04 12:40:54,20.3,20.3,20.3,1,0.0
2026-05-04 12:41:17,20.2,20.9,20.55,2,1.0
2026-05-04 12:41:51,20.4,20.4,20.4,1,0.0
2026-05-04 12:42:21,20.1,20.1,20.1,1,0.0
2026-05-04 12:42:43,21.0,25.1,23.05,2,0.0
2026-05-04 12:42:57,20.0,20.0,20.0,1,0.0
2026-05-04 12:43:18,20.2,26.1,23.23,3,1.0
2026-05-04 12:43:26,23.3,27.1,25.2,2,1.0
2026-05-04 12:45:55,20.7,20.7,20.7,1,0.0
2026-05-04 12:49:12,20.0,20.0,20.0,1,0.0
2026-05-04 12:49:46,20.3,20.3,20.3,1,0.0
2026-05-04 12:50:52,21.1,21.1,21.1,1,0.0
2026-05-04 12:51:43,21.0,21.0,21.0,1,0.0
2026-05-04 12:55:01,20.1,25.9,23.63,3,1.0
2026-05-04 12:55:24,21.7,21.7,21.7,1,0.0
2026-05-04 12:56:08,20.0,20.0,20.0,1,0.0
2026-05-04 12:56:16,20.3,22.7,21.5,2,1.0
2026-05-04 12:57:05,20.1,26.2,22.8,3,1.0
2026-05-04 12:58:03,21.3,21.3,21.3,1,0.0
2026-05-04 12:58:20,20.0,20.0,20.0,1,0.0
2026-05-04 12:59:47,20.2,25.4,22.8,2,0.0
2026-05-04 12:59:58,20.5,28.5,26.02,12,6.0
2026-05-04 13:01:21,20.0,20.0,20.0,1,0.0
2026-05-04 13:01:28,20.0,20.0,20.0,1,0.0
2026-05-04 13:02:32,20.6,20.6,20.6,1,0.0
2026-05-04 13:02:58,20.2,20.2,20.2,1,0.0
2026-05-04 13:03:21,20.1,23.8,22.1,7,3.0
2026-05-04 13:04:08,20.3,26.9,23.64,5,2.0
2026-05-04 13:04:22,20.3,24.0,22.15,2,0.0
2026-05-04 13:04:26,20.7,28.7,24.7,2,1.0
2026-05-04 13:04:39,20.2,20.2,20.2,1,0.0
2026-05-04 13:04:46,20.2,23.1,21.65,2,1.0
2026-05-04 13:07:44,20.1,21.3,20.7,2,1.0
2026-05-04 13:10:59,20.3,26.3,23.36,11,5.0
2026-05-04 13:11:49,21.6,24.6,23.1,2,1.0
2026-05-04 13:11:56,21.1,21.1,21.1,1,0.0
2026-05-04 13:12:09,20.3,24.5,22.4,2,1.0
2026-05-04 13:12:14,20.8,24.2,22.47,3,1.0
2026-05-04 13:17:30,20.0,20.0,20.0,1,0.0
2026-05-04 13:19:05,20.0,20.0,20.0,1,0.0
2026-05-04 13:19:09,20.2,20.2,20.2,1,0.0
2026-05-04 13:19:35,21.1,21.1,21.1,1,0.0
2026-05-04 13:20:59,20.1,22.8,21.0,3,1.0
2026-05-04 13:22:15,21.8,23.7,22.75,2,1.0
2026-05-04 13:22:39,20.0,24.7,22.35,2,1.0
2026-05-04 13:24:39,20.1,23.1,21.9,3,1.0
2026-05-04 13:29:06,20.1,20.1,20.1,1,0.0
2026-05-04 13:30:07,20.3,20.9,20.53,3,1.0
2026-05-04 13:30:11,20.2,23.9,22.3,3,1.0
2026-05-04 13:30:57,20.0,28.4,25.17,3,1.0
2026-05-04 13:33:06,20.6,25.1,24.12,40,20.0
2026-05-04 13:41:03,20.2,20.2,20.2,1,0.0
2026-05-04 13:41:48,20.1,20.2,20.15,2,1.0
2026-05-04 13:42:03,20.2,24.9,22.34,7,3.0
2026-05-04 13:42:17,20.0,23.5,21.9,5,2.0
2026-05-04 13:43:09,20.2,28.6,26.44,50,25.0
2026-05-04 13:51:46,20.1,24.7,22.48,6,3.0
2026-05-04 13:51:59,20.0,26.0,22.95,4,2.0
2026-05-04 14:04:31,20.1,20.5,20.23,3,1.0
2026-05-04 14:04:47,20.1,27.8,24.48,16,8.0
2026-05-04 14:08:43,21.5,21.5,21.5,1,0.0
2026-05-04 14:09:10,20.1,24.9,22.82,4,1.0
2026-05-04 14:10:27,20.3,25.5,22.4,4,1.0
2026-05-04 14:10:34,20.4,28.0,25.37,3,1.0
2026-05-04 14:11:19,20.1,20.1,20.1,1,0.0
2026-05-04 14:12:41,20.3,24.9,22.97,12,5.0
2026-05-04 14:15:27,20.1,24.8,23.35,8,4.0
2026-05-04 14:21:43,20.4,21.7,21.05,2,0.0
2026-05-04 14:22:10,20.1,23.9,21.72,6,3.0
2026-05-04 14:22:31,20.4,28.3,23.62,6,3.0
2026-05-04 14:22:47,20.0,21.5,20.75,2,0.0
2026-05-04 14:23:22,20.5,23.2,21.9,4,1.0
2026-05-04 14:23:44,20.0,20.0,20.0,1,0.0
2026-05-04 14:24:07,20.6,20.7,20.65,2,1.0
2026-05-04 14:24:23,20.4,25.8,22.53,3,1.0
2026-05-04 14:25:19,20.8,28.1,24.43,3,1.0
2026-05-04 14:25:32,20.0,20.0,20.0,1,0.0
2026-05-04 14:25:46,20.0,27.6,23.75,10,4.0
2026-05-04 14:26:42,20.1,20.1,20.1,1,0.0
2026-05-04 14:27:14,20.7,23.7,22.2,2,1.0
2026-05-04 14:27:28,20.1,27.6,24.38,5,2.0
2026-05-04 14:27:53,20.3,20.3,20.3,1,0.0
2026-05-04 14:28:23,20.0,20.0,20.0,1,0.0
2026-05-04 14:28:40,21.0,28.3,24.74,5,2.0
2026-05-04 14:29:12,20.1,27.8,25.97,9,4.0
2026-05-04 14:30:13,20.3,20.3,20.3,1,0.0
2026-05-04 14:30:36,20.0,25.1,23.83,6,3.0
2026-05-04 14:30:49,20.3,24.3,22.3,2,0.0
2026-05-04 14:31:24,20.0,21.6,20.8,2,0.0
2026-05-04 14:34:10,20.3,21.0,20.65,2,0.0
2026-05-04 14:34:21,20.0,20.0,20.0,1,0.0
2026-05-04 14:34:58,20.0,24.0,21.52,6,3.0
2026-05-04 14:40:00,20.1,20.1,20.1,1,0.0
2026-05-04 14:40:26,20.0,20.7,20.32,4,2.0
2026-05-04 14:40:38,20.3,20.4,20.35,2,1.0
2026-05-04 14:42:52,20.2,20.2,20.2,1,0.0
2026-05-04 14:45:18,20.6,22.3,21.12,4,2.0
2026-05-04 14:45:55,20.1,20.1,20.1,1,0.0
2026-05-04 14:53:20,20.2,23.3,21.27,3,1.0
2026-05-04 14:53:27,20.1,20.9,20.5,2,1.0
2026-05-04 14:54:18,20.5,20.5,20.5,1,0.0
2026-05-04 15:00:16,20.9,28.7,24.89,14,6.0
2026-05-04 15:00:37,21.6,27.9,24.77,4,2.0
2026-05-04 15:01:36,20.2,27.8,23.33,11,5.0
2026-05-04 15:05:19,20.0,20.0,20.0,1,0.0
2026-05-04 15:06:01,20.0,20.1,20.05,2,0.0
2026-05-04 15:06:29,20.0,24.9,21.54,5,2.0
2026-05-04 15:06:37,20.0,25.6,22.12,5,2.0
2026-05-04 15:06:45,20.0,20.0,20.0,1,0.0
2026-05-04 15:06:51,20.2,26.4,23.47,4,1.0
2026-05-04 15:07:14,20.0,20.1,20.05,2,1.0
2026-05-04 15:07:22,20.0,21.1,20.4,3,1.0
2026-05-04 15:07:30,20.0,20.3,20.15,2,0.0
2026-05-04 15:07:32,20.0,20.6,20.3,2,1.0
2026-05-04 15:07:42,20.0,20.7,20.3,5,3.0
2026-05-04 15:07:53,20.0,20.4,20.2,2,1.0
2026-05-04 15:08:00,20.0,20.0,20.0,1,0.0
2026-05-04 15:08:12,20.0,21.7,20.85,2,0.0
2026-05-04 15:08:28,20.0,20.0,20.0,1,0.0
2026-05-04 15:08:33,20.0,20.1,20.07,6,3.0
2026-05-04 15:10:05,20.1,21.7,20.63,3,1.0
2026-05-04 15:11:50,20.0,21.2,20.58,5,2.0
2026-05-04 15:12:31,20.1,21.3,20.57,3,1.0
2026-05-04 15:12:53,20.0,20.5,20.27,3,1.0
2026-05-04 15:13:34,20.0,20.8,20.45,8,4.0
2026-05-04 15:20:43,20.0,22.3,20.58,14,7.0
2026-05-04 15:24:54,20.0,28.6,22.55,4,2.0
2026-05-04 15:26:47,20.0,21.3,20.56,7,3.0
2026-05-04 15:28:11,20.0,25.5,22.01,371,189.0
2026-05-04 15:38:44,20.0,21.7,20.52,13,6.0
2026-05-04 15:39:44,20.0,20.0,20.0,2,1.0
2026-05-04 15:40:58,20.0,26.9,24.21,13,7.0
2026-05-04 15:41:23,20.0,26.4,22.57,6,2.0
2026-05-04 15:41:49,20.0,31.0,25.2,12,6.0
2026-05-04 15:42:47,20.3,23.6,22.43,13,6.0
2026-05-04 16:31:12,20.0,27.8,23.1,14,6.0
2026-05-04 16:37:53,20.0,26.0,23.54,13,6.0
2026-05-04 16:38:46,20.0,23.6,21.22,5,2.0
2026-05-04 16:39:12,20.0,20.9,20.46,5,2.0
2026-05-04 16:39:25,20.0,20.5,20.27,3,1.0
2026-05-04 16:39:47,20.2,25.4,23.27,10,4.0
2026-05-04 16:40:03,20.2,20.2,20.2,1,0.0
2026-05-04 16:40:13,20.0,20.0,20.0,1,0.0
2026-05-04 16:42:50,20.1,24.6,21.65,4,1.0
2026-05-04 16:44:03,20.0,23.3,21.02,4,1.0
2026-05-04 16:45:51,20.0,20.2,20.1,2,0.0
2026-05-04 16:49:39,20.0,20.9,20.4,6,3.0
2026-05-04 17:06:25,20.0,24.3,22.6,7,3.0
2026-05-04 17:10:38,20.0,20.0,20.0,1,0.0
2026-05-04 17:10:41,20.0,20.0,20.0,2,1.0
2026-05-04 17:10:46,20.0,20.0,20.0,2,1.0
2026-05-04 17:10:49,20.0,20.0,20.0,7,5.0
2026-05-04 17:10:57,20.0,20.0,20.0,4,2.0
2026-05-04 17:11:01,20.0,20.0,20.0,4,2.0
2026-05-04 17:11:05,20.0,20.0,20.0,6,3.0
2026-05-04 17:11:15,20.0,20.1,20.0,30,15.0
2026-05-04 17:11:32,20.0,20.0,20.0,3,1.0
2026-05-04 17:11:37,20.0,20.0,20.0,3,2.0
2026-05-04 17:11:41,20.0,20.0,20.0,1,0.0
2026-05-04 17:11:43,20.0,20.0,20.0,2,0.0
2026-05-04 17:11:45,20.0,20.0,20.0,1,0.0
2026-05-04 17:11:50,20.0,20.0,20.0,8,5.0
2026-05-04 17:11:58,20.0,20.0,20.0,1,0.0
2026-05-04 17:12:00,20.0,20.0,20.0,5,2.0
2026-05-04 17:12:05,20.0,20.0,20.0,6,4.0
2026-05-04 17:12:11,20.0,20.0,20.0,8,4.0
2026-05-04 17:12:21,20.0,20.0,20.0,11,5.0
2026-05-04 17:12:28,20.0,20.2,20.09,11,8.0
2026-05-04 17:12:38,20.0,20.2,20.07,3,1.0
2026-05-04 17:12:42,20.2,20.2,20.2,1,0.0
2026-05-04 17:12:44,20.2,20.2,20.2,1,0.0
2026-05-04 17:12:47,20.0,20.0,20.0,1,0.0
2026-05-04 17:12:49,20.0,20.2,20.07,9,6.0
2026-05-04 17:12:57,20.0,20.2,20.06,7,4.0
2026-05-04 17:13:03,20.0,20.2,20.06,29,17.0
2026-05-04 17:13:22,20.0,20.0,20.0,2,0.0
2026-05-04 17:13:24,20.0,20.2,20.08,5,3.0
2026-05-04 17:13:29,20.2,20.2,20.2,1,0.0
2026-05-04 17:13:31,20.0,20.3,20.05,43,26.0
2026-05-04 17:14:00,20.0,20.4,20.11,29,14.0
2026-05-04 17:14:22,20.0,24.4,21.71,66,34.0
2026-05-04 17:32:42,20.0,20.1,20.02,4,3.0
2026-05-04 17:32:53,20.0,20.0,20.0,1,0.0
2026-05-04 17:32:55,20.1,20.1,20.1,1,0.0
2026-05-04 17:32:59,20.1,20.1,20.1,1,0.0
2026-05-04 17:33:02,20.1,20.1,20.1,1,0.0
2026-05-04 17:33:11,20.1,20.1,20.1,1,0.0
2026-05-04 17:33:20,20.0,20.7,20.08,574,293.0
2026-05-04 17:39:10,20.0,25.5,22.42,53,27.0
2026-05-04 17:56:50,20.0,21.3,20.71,13,6.0
2026-05-04 17:57:39,20.0,21.4,20.52,10,4.0
2026-05-04 18:04:32,20.0,23.4,21.37,25,13.0
2026-05-04 18:05:58,20.0,22.4,21.2,2,1.0
2026-05-04 18:06:16,20.0,26.1,23.79,31,15.0
2026-05-04 18:07:31,20.0,20.0,20.0,2,1.0
2026-05-04 18:36:38,20.0,20.7,20.22,12,6.0
2026-05-04 18:37:40,20.0,21.6,20.47,24,12.0
2026-05-04 18:39:01,20.0,25.4,21.08,21,10.0
2026-05-04 18:57:33,20.0,23.0,20.9,22,11.0
2026-05-04 19:10:35,20.0,21.3,20.47,15,7.0
2026-05-04 19:29:48,20.0,20.0,20.0,1,0.0
2026-05-04 19:47:05,20.0,32.7,26.43,813,415.0
2026-05-04 19:56:20,23.3,36.2,32.5,15308,7831.0
